Date,Open,High,Low,Close,Volume,Name,Dividends,Stock Splits
2020-10-16 00:00:00+05:30,374.8654,383.307,354.8412,380.5095,1889161,GRANULES,,
2020-10-19 00:00:00+05:30,384.7794,387.1352,378.8899,384.4849,1329526,GRANULES,,
2020-10-20 00:00:00+05:30,384.7794,396.5583,375.4544,384.7303,6391565,GRANULES,,
2020-10-21 00:00:00+05:30,389.7854,396.362,374.9636,379.2335,2382461,GRANULES,,
2020-10-22 00:00:00+05:30,376.9268,383.7978,374.0311,381.7365,1357791,GRANULES,,
2020-10-23 00:00:00+05:30,383.7487,385.4665,377.9083,379.8224,793354,GRANULES,,
2020-10-26 00:00:00+05:30,382.8162,383.7488,368.0925,374.2274,1151823,GRANULES,,
2020-10-27 00:00:00+05:30,373.0004,378.8899,364.9514,377.5648,1118297,GRANULES,,
2020-10-28 00:00:00+05:30,378.6452,379.9712,369.5106,371.5241,729606,GRANULES,,
2020-10-29 00:00:00+05:30,367.8408,379.1363,364.5995,375.0601,1006009,GRANULES,,
2020-10-30 00:00:00+05:30,375.2074,378.989,373.5868,376.9263,812021,GRANULES,,
2020-11-02 00:00:00+05:30,367.497,376.1897,361.26,363.1262,911126,GRANULES,,
2020-11-03 00:00:00+05:30,366.5639,371.1803,364.845,366.9077,551170,GRANULES,,
2020-11-04 00:00:00+05:30,368.2828,371.2786,363.4208,369.3633,560180,GRANULES,,
2020-11-05 00:00:00+05:30,372.1134,373.4885,365.4835,367.1532,498444,GRANULES,,
2020-11-06 00:00:00+05:30,370.149,370.2963,363.4208,364.6486,479868,GRANULES,,
2020-11-09 00:00:00+05:30,365.4835,380.4624,359.492,378.3015,1389747,GRANULES,,
2020-11-10 00:00:00+05:30,380.2168,381.4936,362.4386,364.9432,1065161,GRANULES,,
2020-11-11 00:00:00+05:30,365.3853,373.243,364.403,368.1355,718075,GRANULES,,
2020-11-12 00:00:00+05:30,370.7875,377.7121,368.5775,372.8992,858868,GRANULES,,
2020-11-13 00:00:00+05:30,372.6537,374.8637,367.4479,369.9526,703700,GRANULES,,
2020-11-14 00:00:00+05:30,372.2608,373.8324,369.3141,372.9484,195812,GRANULES,,
2020-11-17 00:00:00+05:30,374.569,381.1008,368.3319,379.4801,968897,GRANULES,,
2020-11-18 00:00:00+05:30,378.9399,388.7129,373.9306,384.4894,1368075,GRANULES,,
2020-11-19 00:00:00+05:30,382.967,382.967,367.3497,371.2295,972801,GRANULES,,
2020-11-20 00:00:00+05:30,369.3142,371.2786,365.3853,367.2024,740891,GRANULES,,
2020-11-23 00:00:00+05:30,367.6935,393.8696,367.6935,391.5123,2541169,GRANULES,,
2020-11-24 00:00:00+05:30,397.7985,412.5318,396.5216,411.2057,4223168,GRANULES,,
2020-11-25 00:00:00+05:30,414.4962,417.4429,400.7451,406.884,1842622,GRANULES,,
2020-11-26 00:00:00+05:30,407.7189,411.5496,401.0398,405.558,1001461,GRANULES,,
2020-11-27 00:00:00+05:30,405.9018,410.4691,402.7096,405.2143,1303918,GRANULES,,
2020-12-01 00:00:00+05:30,418.4251,430.1626,417.4429,420.3895,2860548,GRANULES,,
2020-12-02 00:00:00+05:30,420.3895,420.3895,407.768,414.5453,1106617,GRANULES,,
2020-12-03 00:00:00+05:30,415.3802,417.8849,410.5673,411.9916,506863,GRANULES,,
2020-12-04 00:00:00+05:30,418.6706,422.2557,412.5318,414.5453,1162705,GRANULES,,
2020-12-07 00:00:00+05:30,416.2642,417.05,384.5386,386.503,4801674,GRANULES,,
2020-12-08 00:00:00+05:30,388.4674,390.923,374.2253,379.4801,2144442,GRANULES,,
2020-12-09 00:00:00+05:30,375.3548,386.9941,374.5199,384.5385,978653,GRANULES,,
2020-12-10 00:00:00+05:30,385.0296,387.2396,368.823,383.5072,1279353,GRANULES,,
2020-12-11 00:00:00+05:30,384.735,390.3336,379.1363,380.7079,1186396,GRANULES,,
2020-12-14 00:00:00+05:30,381.199,383.8019,372.7519,373.4886,1097035,GRANULES,,
2020-12-15 00:00:00+05:30,374.4217,381.1008,373.7342,378.4979,1057505,GRANULES,,
2020-12-16 00:00:00+05:30,378.8417,380.4132,373.1939,373.3904,1175186,GRANULES,,
2020-12-17 00:00:00+05:30,375.9932,379.0381,369.4614,371.033,1631825,GRANULES,,
2020-12-18 00:00:00+05:30,371.5241,373.1448,361.6037,363.2244,1475550,GRANULES,,
2020-12-21 00:00:00+05:30,363.3226,363.6664,315.685,337.1465,2943909,GRANULES,,
2020-12-22 00:00:00+05:30,337.1465,359.0008,330.2709,355.3666,2020599,GRANULES,,
2020-12-23 00:00:00+05:30,360.6215,363.3717,358.0677,359.934,978498,GRANULES,,
2020-12-24 00:00:00+05:30,361.4564,369.2159,357.5275,366.1711,1548124,GRANULES,,
2020-12-28 00:00:00+05:30,367.9881,369.2159,362.4877,365.9746,846168,GRANULES,,
2020-12-29 00:00:00+05:30,358.5098,372.6537,358.5098,364.0593,1738585,GRANULES,,
2020-12-30 00:00:00+05:30,364.3048,364.3048,354.8755,356.8891,928292,GRANULES,,
2020-12-31 00:00:00+05:30,358.5098,358.7062,344.3167,345.8882,1738121,GRANULES,,
2021-01-01 00:00:00+05:30,348.3929,355.3175,347.3616,352.9111,823685,GRANULES,,
2021-01-04 00:00:00+05:30,356.3488,358.7553,349.6698,354.3353,1090723,GRANULES,,
2021-01-05 00:00:00+05:30,353.5495,353.5495,348.6875,350.652,1122906,GRANULES,,
2021-01-06 00:00:00+05:30,350.652,356.5453,346.7232,351.5851,1062823,GRANULES,,
2021-01-07 00:00:00+05:30,353.8442,366.8095,353.5987,358.7553,2880264,GRANULES,,
2021-01-08 00:00:00+05:30,362.4386,363.519,359.0008,360.9162,927356,GRANULES,,
2021-01-11 00:00:00+05:30,362.3895,362.9297,353.5986,355.514,837144,GRANULES,,
2021-01-12 00:00:00+05:30,356.0542,361.26,353.6478,355.1211,748953,GRANULES,,
2021-01-13 00:00:00+05:30,354.6791,365.2871,354.6791,361.9475,2222315,GRANULES,,
2021-01-14 00:00:00+05:30,366.3675,370.149,358.5098,359.8358,2045969,GRANULES,,
2021-01-15 00:00:00+05:30,360.4251,360.4251,348.6876,349.7189,1053020,GRANULES,,
2021-01-18 00:00:00+05:30,349.7189,350.652,335.9188,339.2583,885189,GRANULES,,
2021-01-19 00:00:00+05:30,345.2007,347.7544,339.8967,344.1202,591492,GRANULES,,
2021-01-20 00:00:00+05:30,345.7409,348.5894,340.8299,342.4996,756768,GRANULES,,
2021-01-21 00:00:00+05:30,344.9551,345.7409,332.0389,334.1998,1072196,GRANULES,,
2021-01-22 00:00:00+05:30,334.9365,335.8696,327.9627,331.3023,1260174,GRANULES,,
2021-01-25 00:00:00+05:30,332.0881,344.857,331.8426,342.4996,1519515,GRANULES,,
2021-01-27 00:00:00+05:30,344.0711,359.3937,342.3522,348.442,3029191,GRANULES,,
2021-01-28 00:00:00+05:30,349.6698,360.3759,340.8789,347.2633,3161332,GRANULES,,
2021-01-29 00:00:00+05:30,347.2142,347.2142,329.2396,331.204,1852579,GRANULES,,
2021-02-01 00:00:00+05:30,331.9898,331.9898,318.2387,319.8103,1466352,GRANULES,,
2021-02-02 00:00:00+05:30,324.1321,329.7308,312.8366,314.0644,1641835,GRANULES,,
2021-02-03 00:00:00+05:30,317.011,340.6824,317.011,337.4902,2970266,GRANULES,,
2021-02-04 00:00:00+05:30,337.8832,349.6698,337.8832,341.4192,2076164,GRANULES,,
2021-02-05 00:00:00+05:30,343.7765,343.7765,329.7307,330.8603,1386733,GRANULES,,
2021-02-08 00:00:00+05:30,333.7108,334.3989,323.5865,325.9456,1063934,GRANULES,,
2021-02-09 00:00:00+05:30,326.2896,328.108,320.6868,321.3257,1168863,GRANULES,,
2021-02-10 00:00:00+05:30,327.3217,337.102,327.1251,332.7279,2110573,GRANULES,,
2021-02-11 00:00:00+05:30,332.7279,332.7279,323.439,324.422,1140530,GRANULES,,
2021-02-12 00:00:00+05:30,324.6677,332.3347,324.4219,330.4179,1059556,GRANULES,,
2021-02-15 00:00:00+05:30,332.7279,348.4551,330.2706,345.9486,3190427,GRANULES,,
2021-02-16 00:00:00+05:30,346.9315,352.5343,339.3137,345.0148,1317585,GRANULES,,
2021-02-17 00:00:00+05:30,345.752,347.079,334.2024,335.0379,1444212,GRANULES,,
2021-02-18 00:00:00+05:30,337.6427,338.1341,329.2876,330.0739,1554700,GRANULES,,
2021-02-19 00:00:00+05:30,330.0739,330.7129,322.407,324.0288,1223595,GRANULES,,
2021-02-22 00:00:00+05:30,325.1592,325.6507,314.6908,315.6737,1146022,GRANULES,,
2021-02-23 00:00:00+05:30,319.3598,321.424,309.727,316.1161,1514625,GRANULES,,
2021-02-24 00:00:00+05:30,317.7871,343.0489,313.6096,319.4581,776799,GRANULES,,
2021-02-25 00:00:00+05:30,321.424,332.089,320.097,320.9817,2176303,GRANULES,,
2021-02-26 00:00:00+05:30,317.4922,330.2705,313.9045,318.1311,2583855,GRANULES,,
2021-03-01 00:00:00+05:30,321.2766,338.5273,319.5072,335.9716,3335215,GRANULES,,
2021-03-02 00:00:00+05:30,338.6256,339.6085,328.7961,330.5162,1997954,GRANULES,,
2021-03-03 00:00:00+05:30,332.4822,362.7078,332.4822,358.1862,10446684,GRANULES,,
2021-03-04 00:00:00+05:30,354.8443,368.0649,347.9145,357.5474,5865038,GRANULES,,
2021-03-05 00:00:00+05:30,349.9295,358.5303,332.2364,343.1472,3493862,GRANULES,,
2021-03-08 00:00:00+05:30,346.9806,353.1732,339.117,340.0017,1737167,GRANULES,,
2021-03-09 00:00:00+05:30,341.083,343.6878,327.3217,333.9566,1770481,GRANULES,,
2021-03-10 00:00:00+05:30,336.1682,346.9315,335.6767,344.3758,2655699,GRANULES,,
2021-03-12 00:00:00+05:30,347.5213,353.5664,336.8563,340.3458,3281770,GRANULES,,
2021-03-15 00:00:00+05:30,341.0338,341.0338,325.2575,329.2384,2198225,GRANULES,,
2021-03-16 00:00:00+05:30,330.2705,334.2023,324.8152,325.5524,1981170,GRANULES,,
2021-03-17 00:00:00+05:30,327.1742,330.1722,314.5434,315.6246,1780973,GRANULES,,
2021-03-18 00:00:00+05:30,320.441,321.1291,297.8332,300.5855,3901628,GRANULES,,
2021-03-19 00:00:00+05:30,299.7992,310.1201,289.9697,307.8593,3209738,GRANULES,,
2021-03-22 00:00:00+05:30,309.432,313.5604,304.4681,305.8934,1680817,GRANULES,,
2021-03-23 00:00:00+05:30,307.4661,313.5604,304.763,311.5945,3056065,GRANULES,,
2021-03-24 00:00:00+05:30,313.5604,324.0779,311.7419,312.9706,6551571,GRANULES,,
2021-03-25 00:00:00+05:30,315.0349,316.3127,298.8162,299.8975,3153100,GRANULES,,
2021-03-26 00:00:00+05:30,305.107,306.4832,294.9335,296.0148,2906151,GRANULES,,
2021-03-30 00:00:00+05:30,297.9316,305.2545,297.9316,303.8293,2794536,GRANULES,,
2021-03-31 00:00:00+05:30,305.3036,309.6286,296.8012,298.2756,2685914,GRANULES,,
2021-04-01 00:00:00+05:30,300.6346,307.2695,298.9144,306.5814,1839186,GRANULES,,
2021-04-05 00:00:00+05:30,308.0559,311.2014,300.8312,304.9105,1638810,GRANULES,,
2021-04-06 00:00:00+05:30,306.4832,328.7961,303.8784,326.8302,7055788,GRANULES,,
2021-04-07 00:00:00+05:30,329.1893,332.2364,324.3729,325.5032,2845475,GRANULES,,
2021-04-08 00:00:00+05:30,327.3217,333.7108,323.2424,327.3217,2781791,GRANULES,,
2021-04-09 00:00:00+05:30,327.8132,338.1341,326.8302,335.4801,4149003,GRANULES,,
2021-04-12 00:00:00+05:30,334.2023,334.2023,309.6286,311.3979,4174168,GRANULES,,
2021-04-13 00:00:00+05:30,314.6416,319.3106,307.0729,312.6757,1992209,GRANULES,,
2021-04-15 00:00:00+05:30,312.8723,322.112,310.0218,312.1351,2272322,GRANULES,,
2021-04-16 00:00:00+05:30,313.9536,326.093,313.0689,322.2595,2972890,GRANULES,,
2021-04-19 00:00:00+05:30,319.4581,341.083,311.6437,335.5293,8010803,GRANULES,,
2021-04-20 00:00:00+05:30,341.083,343.0489,322.5053,328.8453,5504427,GRANULES,,
2021-04-22 00:00:00+05:30,328.8453,335.6768,324.9626,326.6828,3179772,GRANULES,,
2021-04-23 00:00:00+05:30,328.747,333.9075,320.6868,324.0288,2405538,GRANULES,,
2021-04-26 00:00:00+05:30,325.3557,328.8944,318.5734,320.0478,1670217,GRANULES,,
2021-04-27 00:00:00+05:30,319.9496,322.8001,317.6396,321.9155,1361746,GRANULES,,
2021-04-28 00:00:00+05:30,323.8814,336.758,320.9325,325.6998,4863899,GRANULES,,
2021-04-29 00:00:00+05:30,328.1081,332.3839,324.5695,325.8473,2720883,GRANULES,,
2021-04-30 00:00:00+05:30,326.1913,334.104,324.3728,328.0097,3850263,GRANULES,,
2021-05-03 00:00:00+05:30,325.5524,339.8051,325.2575,335.2344,5169586,GRANULES,,
2021-05-04 00:00:00+05:30,337.9375,339.117,326.3387,327.4691,2745106,GRANULES,,
2021-05-05 00:00:00+05:30,329.2876,348.3568,324.3728,346.44,9521766,GRANULES,,
2021-05-06 00:00:00+05:30,349.8312,352.1903,342.3608,345.752,6194082,GRANULES,,
2021-05-07 00:00:00+05:30,346.9806,350.9124,339.3136,341.4761,3649378,GRANULES,,
2021-05-10 00:00:00+05:30,344.0318,358.7761,344.0318,357.744,8036075,GRANULES,,
2021-05-11 00:00:00+05:30,357.7931,364.2314,344.2775,353.763,16047434,GRANULES,,
2021-05-12 00:00:00+05:30,351.4039,351.6005,327.6657,330.9586,11254253,GRANULES,,
2021-05-14 00:00:00+05:30,336.6597,336.6597,314.8874,316.3618,6607149,GRANULES,,
2021-05-17 00:00:00+05:30,315.8212,321.424,307.4661,316.6076,6391427,GRANULES,,
2021-05-18 00:00:00+05:30,319.8022,326.8302,317.738,321.1292,3915569,GRANULES,,
2021-05-19 00:00:00+05:30,320.4411,325.749,317.5905,322.8984,2939872,GRANULES,,
2021-05-20 00:00:00+05:30,324.3729,325.6507,317.0499,317.9837,2366235,GRANULES,,
2021-05-21 00:00:00+05:30,319.4581,322.751,317.0007,317.4922,2219737,GRANULES,,
2021-05-24 00:00:00+05:30,317.6889,319.0158,312.5775,315.4281,3178371,GRANULES,,
2021-05-25 00:00:00+05:30,317.4922,318.3768,313.5604,313.9536,2141449,GRANULES,,
2021-05-26 00:00:00+05:30,315.5264,317.8363,312.7249,313.413,1644159,GRANULES,,
2021-05-27 00:00:00+05:30,315.2806,316.3127,309.7269,310.5133,2565674,GRANULES,,
2021-05-28 00:00:00+05:30,311.7419,315.9195,309.1371,310.3167,2510403,GRANULES,,
2021-05-31 00:00:00+05:30,313.4621,315.5263,310.415,313.0198,1803875,GRANULES,,
2021-06-01 00:00:00+05:30,314.5925,315.3297,309.6778,310.6607,1614486,GRANULES,,
2021-06-02 00:00:00+05:30,310.6607,312.8724,308.7931,309.8253,2128864,GRANULES,,
2021-06-03 00:00:00+05:30,311.2014,320.3428,310.0218,317.8363,5006298,GRANULES,,
2021-06-04 00:00:00+05:30,319.3598,325.3558,316.6567,322.2595,4146489,GRANULES,,
2021-06-07 00:00:00+05:30,324.2746,324.3729,320.4902,322.8984,2064904,GRANULES,,
2021-06-08 00:00:00+05:30,324.2254,325.2084,317.9837,323.5374,2140964,GRANULES,,
2021-06-09 00:00:00+05:30,325.3558,334.9396,322.3578,327.6166,8860635,GRANULES,,
2021-06-10 00:00:00+05:30,330.1722,330.5654,323.3899,324.0288,3254671,GRANULES,,
2021-06-11 00:00:00+05:30,325.3558,331.2535,324.5695,326.5845,2442161,GRANULES,,
2021-06-14 00:00:00+05:30,327.42,328.2064,314.8383,323.3899,2626255,GRANULES,,
2021-06-15 00:00:00+05:30,324.3729,327.764,321.9646,322.8984,1231010,GRANULES,,
2021-06-16 00:00:00+05:30,323.8814,324.078,317.4922,318.1803,1343017,GRANULES,,
2021-06-17 00:00:00+05:30,315.5263,316.1652,310.6116,311.7911,2611803,GRANULES,,
2021-06-18 00:00:00+05:30,312.5775,314.8382,303.1903,305.5002,3069117,GRANULES,,
2021-06-21 00:00:00+05:30,302.748,309.432,297.9315,308.4982,2051930,GRANULES,,
2021-06-22 00:00:00+05:30,310.6607,316.755,309.776,310.4149,1643892,GRANULES,,
2021-06-23 00:00:00+05:30,312.774,312.9706,308.5473,308.9897,1123370,GRANULES,,
2021-06-24 00:00:00+05:30,309.1371,311.4471,304.0258,305.5002,1513643,GRANULES,,
2021-06-25 00:00:00+05:30,307.6627,310.1201,305.2053,308.6457,1148987,GRANULES,,
2021-06-28 00:00:00+05:30,308.4982,314.0519,306.6798,310.9556,1627193,GRANULES,,
2021-06-29 00:00:00+05:30,312.1351,321.2274,311.1522,319.2615,3911171,GRANULES,,
2021-06-30 00:00:00+05:30,321.424,328.3046,319.4581,326.9285,5180753,GRANULES,,
2021-07-01 00:00:00+05:30,328.7961,332.1873,324.3728,327.9606,3298665,GRANULES,,
2021-07-02 00:00:00+05:30,328.108,339.6085,327.9606,334.7921,8786861,GRANULES,,
2021-07-05 00:00:00+05:30,336.0699,337.9375,328.5504,329.3859,3035994,GRANULES,,
2021-07-06 00:00:00+05:30,329.2876,331.9416,322.4561,330.4671,3991407,GRANULES,,
2021-07-07 00:00:00+05:30,329.6807,338.1341,328.2063,337.0529,3350068,GRANULES,,
2021-07-08 00:00:00+05:30,336.758,342.9506,331.0078,336.5123,6133878,GRANULES,,
2021-07-09 00:00:00+05:30,336.1683,364.6738,334.9887,360.8894,20839081,GRANULES,,
2021-07-12 00:00:00+05:30,364.8212,371.7018,354.5002,366.6888,20585686,GRANULES,,
2021-07-13 00:00:00+05:30,366.5413,367.7209,360.7419,362.757,4457611,GRANULES,,
2021-07-14 00:00:00+05:30,361.7249,367.6717,361.7249,365.6567,3071530,GRANULES,,
2021-07-15 00:00:00+05:30,366.6396,372.5373,362.7078,363.7399,4089594,GRANULES,,
2021-07-16 00:00:00+05:30,366.5413,377.6486,364.6737,375.0438,8029594,GRANULES,,
2021-07-19 00:00:00+05:30,371.4561,389.7881,365.6567,371.3578,8374256,GRANULES,,
2021-07-20 00:00:00+05:30,372.5373,374.9456,353.9105,361.8232,4600847,GRANULES,,
2021-07-22 00:00:00+05:30,368.3107,378.435,365.8041,377.4029,5627001,GRANULES,,
2021-07-23 00:00:00+05:30,379.1231,380.8924,371.5544,372.9797,2278257,GRANULES,,
2021-07-26 00:00:00+05:30,375.1421,378.435,368.6055,371.0138,2600311,GRANULES,,
2021-07-27 00:00:00+05:30,372.5373,375.6828,355.3849,358.5303,5195490,GRANULES,,
2021-07-28 00:00:00+05:30,364.4401,378.1312,352.8667,366.0653,14882577,GRANULES,,
2021-07-29 00:00:00+05:30,368.2815,370.7439,363.7506,365.6221,2548064,GRANULES,,
2021-07-30 00:00:00+05:30,368.38,378.9192,366.4101,373.6989,3825602,GRANULES,,
2021-08-02 00:00:00+05:30,375.6688,385.0753,372.6154,377.5402,4856061,GRANULES,,
2021-08-03 00:00:00+05:30,379.461,379.461,372.3199,376.2106,1802387,GRANULES,,
2021-08-04 00:00:00+05:30,378.1312,398.7172,377.0478,381.0369,14556921,GRANULES,,
2021-08-05 00:00:00+05:30,381.4312,390.7944,376.8481,380.7412,4148815,GRANULES,,
2021-08-06 00:00:00+05:30,382.1704,384.4866,369.6038,373.1028,2099175,GRANULES,,
2021-08-09 00:00:00+05:30,373.9898,379.9527,364.0844,375.4189,2941889,GRANULES,,
2021-08-10 00:00:00+05:30,374.4334,378.0801,355.0168,363.4931,3017681,GRANULES,,
2021-08-11 00:00:00+05:30,364.0844,370.0966,347.0826,362.3596,2876903,GRANULES,,
2021-08-12 00:00:00+05:30,364.3801,372.61,359.0085,367.1398,1959215,GRANULES,,
2021-08-13 00:00:00+05:30,367.1398,369.6039,353.4399,355.5096,2720057,GRANULES,,
2021-08-16 00:00:00+05:30,357.8258,358.1215,342.0068,348.8568,3380314,GRANULES,,
2021-08-17 00:00:00+05:30,350.483,352.5528,340.0355,341.6125,2131674,GRANULES,,
2021-08-18 00:00:00+05:30,341.6126,345.3579,335.3539,339.1485,2305971,GRANULES,,
2021-08-20 00:00:00+05:30,335.1075,339.0499,317.3665,320.4219,3285451,GRANULES,,
2021-08-23 00:00:00+05:30,324.7586,327.7154,311.4528,320.9147,2515238,GRANULES,,
2021-08-24 00:00:00+05:30,320.3233,331.9042,317.5143,329.1445,2351470,GRANULES,,
2021-08-25 00:00:00+05:30,330.6722,333.8754,324.3643,325.9905,1542227,GRANULES,,
2021-08-26 00:00:00+05:30,326.237,328.5039,319.9291,321.6539,1672407,GRANULES,,
2021-08-27 00:00:00+05:30,321.6539,328.7996,318.7957,326.2863,1381672,GRANULES,,
2021-08-30 00:00:00+05:30,328.2082,332.6927,325.35,327.3705,2044256,GRANULES,,
2021-08-31 00:00:00+05:30,328.8981,329.5388,324.7586,326.5327,1449735,GRANULES,,
2021-09-01 00:00:00+05:30,326.5326,342.8937,326.4341,339.9862,4522288,GRANULES,,
2021-09-02 00:00:00+05:30,340.9226,344.7664,336.7337,338.8528,2340246,GRANULES,,
2021-09-03 00:00:00+05:30,344.9636,347.7726,333.974,335.7974,4191370,GRANULES,,
2021-09-06 00:00:00+05:30,337.3251,338.7543,328.2082,328.9967,2773395,GRANULES,,
2021-09-07 00:00:00+05:30,328.6518,329.2924,320.4219,322.7874,1746264,GRANULES,,
2021-09-08 00:00:00+05:30,323.2802,327.9618,321.5553,324.315,1251984,GRANULES,,
2021-09-09 00:00:00+05:30,325.0542,326.7298,321.3089,323.3294,903586,GRANULES,,
2021-09-13 00:00:00+05:30,323.1323,323.1323,317.0215,319.1899,2017933,GRANULES,,
2021-09-14 00:00:00+05:30,320.3233,332.5449,319.387,330.7708,2730146,GRANULES,,
2021-09-15 00:00:00+05:30,331.3129,332.6927,327.5183,328.7503,1474315,GRANULES,,
2021-09-16 00:00:00+05:30,329.1445,331.6578,326.1384,328.2082,1470737,GRANULES,,
2021-09-17 00:00:00+05:30,329.6866,330.1301,319.5841,323.1323,1779288,GRANULES,,
2021-09-20 00:00:00+05:30,319.9291,328.2083,313.4241,315.7403,1829078,GRANULES,,
2021-09-21 00:00:00+05:30,315.6417,319.042,310.073,316.9229,1748293,GRANULES,,
2021-09-22 00:00:00+05:30,316.3809,323.2309,314.9518,318.7957,1371447,GRANULES,,
2021-09-23 00:00:00+05:30,320.3233,322.5409,314.3604,317.1693,1520602,GRANULES,,
2021-09-24 00:00:00+05:30,318.8449,324.7586,315.9866,317.1693,1833473,GRANULES,,
2021-09-27 00:00:00+05:30,317.7607,319.1899,312.0935,314.5575,1249501,GRANULES,,
2021-09-28 00:00:00+05:30,314.804,317.268,312.2414,315.7403,1060730,GRANULES,,
2021-09-29 00:00:00+05:30,313.4734,321.1611,313.4241,318.0072,1701165,GRANULES,,
2021-09-30 00:00:00+05:30,318.2536,320.077,315.3953,315.7403,1172171,GRANULES,,
2021-10-01 00:00:00+05:30,314.4097,323.5759,313.5227,322.541,1861380,GRANULES,,
2021-10-04 00:00:00+05:30,324.1672,330.7708,322.6888,323.6744,3291149,GRANULES,,
2021-10-05 00:00:00+05:30,325.4485,326.9269,323.2801,325.1528,1616248,GRANULES,,
2021-10-06 00:00:00+05:30,326.3355,329.6866,315.3953,317.0708,2182694,GRANULES,,
2021-10-07 00:00:00+05:30,318.3521,326.582,316.1345,325.005,1977005,GRANULES,,
2021-10-08 00:00:00+05:30,325.0542,328.7995,320.274,322.0974,1385549,GRANULES,,
2021-10-11 00:00:00+05:30,322.2945,326.0891,321.5553,323.1816,849879,GRANULES,,
2021-10-12 00:00:00+05:30,322.7873,330.6229,322.2945,325.2021,1995088,GRANULES,,
2021-10-13 00:00:00+05:30,326.6312,329.6866,324.8571,326.1384,1216635,GRANULES,,
2021-10-14 00:00:00+05:30,326.7298,328.6024,323.2801,323.6744,828281,GRANULES,,
2021-10-18 00:00:00+05:30,325.3006,326.1877,318.4014,320.5204,1673374,GRANULES,,
2021-10-19 00:00:00+05:30,321.1118,322.4917,313.0791,315.1489,1299117,GRANULES,,
2021-10-20 00:00:00+05:30,315.3953,315.9866,305.5392,312.8327,2661812,GRANULES,,
2021-10-21 00:00:00+05:30,312.9313,322.2946,311.0586,320.5698,2096103,GRANULES,,
2021-10-22 00:00:00+05:30,320.3233,322.1467,312.4384,315.1981,1356160,GRANULES,,
2021-10-25 00:00:00+05:30,315.4938,316.4794,307.8553,310.4672,851613,GRANULES,,
2021-10-26 00:00:00+05:30,311.4529,314.8532,310.3194,313.0791,788998,GRANULES,,
2021-10-27 00:00:00+05:30,313.5226,320.0769,312.0442,316.0852,1485713,GRANULES,,
2021-10-28 00:00:00+05:30,317.0708,317.1694,303.6665,305.8348,1515424,GRANULES,,
2021-10-29 00:00:00+05:30,306.5248,308.2496,300.6112,305.4406,1606305,GRANULES,,
2021-11-01 00:00:00+05:30,306.5247,314.1139,303.765,311.6992,1187272,GRANULES,,
2021-11-02 00:00:00+05:30,311.4529,315.0996,310.7629,313.0791,815662,GRANULES,,
2021-11-03 00:00:00+05:30,313.1284,317.8593,312.9312,314.7053,838196,GRANULES,,
2021-11-04 00:00:00+05:30,317.3665,319.1406,315.3953,316.7751,304912,GRANULES,,
2021-11-08 00:00:00+05:30,317.3665,318.8449,312.2413,314.1633,652852,GRANULES,,
2021-11-09 00:00:00+05:30,314.6561,319.5348,314.0154,315.9866,730945,GRANULES,,
2021-11-10 00:00:00+05:30,315.7895,323.8715,313.9661,318.8449,1928781,GRANULES,,
2021-11-11 00:00:00+05:30,318.8449,319.5349,311.65,312.537,701064,GRANULES,,
2021-11-12 00:00:00+05:30,313.5226,314.4589,303.8143,306.7712,1346338,GRANULES,,
2021-11-15 00:00:00+05:30,293.7118,304.0607,276.4637,298.5413,9813182,GRANULES,,
2021-11-16 00:00:00+05:30,299.3791,302.9766,291.7406,293.5147,2540736,GRANULES,,
2021-11-17 00:00:00+05:30,293.219,300.2169,290.2129,297.95,3027518,GRANULES,,
2021-11-18 00:00:00+05:30,299.6255,302.4838,294.7468,300.9561,1987477,GRANULES,,
2021-11-22 00:00:00+05:30,301.1039,305.3913,292.7262,298.8863,1541425,GRANULES,,
2021-11-23 00:00:00+05:30,297.6543,310.4673,296.4716,309.2353,2226323,GRANULES,,
2021-11-24 00:00:00+05:30,310.5668,313.9699,307.2131,308.3968,1300818,GRANULES,,
2021-11-25 00:00:00+05:30,307.8542,314.1671,305.8814,310.5668,1864156,GRANULES,,
2021-11-26 00:00:00+05:30,305.9308,320.1842,305.9308,307.657,2623504,GRANULES,,
2021-11-29 00:00:00+05:30,308.742,310.0243,287.7318,290.1484,2092204,GRANULES,,
2021-11-30 00:00:00+05:30,286.0549,298.7794,282.7998,296.5107,4333689,GRANULES,,
2021-12-01 00:00:00+05:30,296.9052,300.2097,288.225,298.3848,1570837,GRANULES,,
2021-12-02 00:00:00+05:30,298.3848,302.2811,294.1927,297.9903,591764,GRANULES,,
2021-12-03 00:00:00+05:30,298.878,303.6127,296.9052,298.3848,673898,GRANULES,,
2021-12-06 00:00:00+05:30,299.8644,307.7556,295.179,297.0532,1012170,GRANULES,,
2021-12-07 00:00:00+05:30,297.8423,304.7964,297.8423,301.7386,791209,GRANULES,,
2021-12-08 00:00:00+05:30,302.8237,319.0499,302.8237,316.288,3487124,GRANULES,,
2021-12-09 00:00:00+05:30,318.5566,332.4155,314.1671,330.3934,5264146,GRANULES,,
2021-12-10 00:00:00+05:30,329.4563,340.7999,328.4699,339.5669,5278653,GRANULES,,
2021-12-13 00:00:00+05:30,340.504,344.7455,334.3883,336.2132,2112571,GRANULES,,
2021-12-14 00:00:00+05:30,335.8679,342.0822,331.4784,336.2132,1723185,GRANULES,,
2021-12-15 00:00:00+05:30,338.3339,341.0958,333.9444,337.0023,1851043,GRANULES,,
2021-12-16 00:00:00+05:30,338.2352,339.7148,326.0039,333.2539,1498823,GRANULES,,
2021-12-17 00:00:00+05:30,330.64,334.3883,317.9154,319.0005,1039619,GRANULES,,
2021-12-20 00:00:00+05:30,315.5975,317.0771,300.6535,303.6127,2086724,GRANULES,,
2021-12-21 00:00:00+05:30,305.7828,312.1944,300.8508,304.2046,1322840,GRANULES,,
2021-12-22 00:00:00+05:30,305.7828,319.0005,304.0073,317.5703,1159859,GRANULES,,
2021-12-23 00:00:00+05:30,319.5924,331.2318,313.8713,329.3084,2355387,GRANULES,,
2021-12-24 00:00:00+05:30,330.2454,332.3169,320.8254,324.1298,1194629,GRANULES,,
2021-12-27 00:00:00+05:30,324.8696,337.1009,320.8254,335.572,2514383,GRANULES,,
2021-12-28 00:00:00+05:30,335.3747,339.2216,329.1604,332.1689,2105084,GRANULES,,
2021-12-29 00:00:00+05:30,329.4563,338.4819,329.4563,336.0159,1516770,GRANULES,,
2021-12-30 00:00:00+05:30,337.2982,337.3968,330.0482,333.6978,1251804,GRANULES,,
2021-12-31 00:00:00+05:30,332.8101,340.1094,327.5329,331.6264,1185961,GRANULES,,
2022-01-03 00:00:00+05:30,331.6264,334.7335,329.3577,331.3798,651238,GRANULES,,
2022-01-04 00:00:00+05:30,333.4019,337.9886,318.162,321.1706,2086156,GRANULES,,
2022-01-05 00:00:00+05:30,321.3679,330.3441,318.8526,322.6502,1266954,GRANULES,,
2022-01-06 00:00:00+05:30,322.5515,323.9818,319.1978,320.3814,669194,GRANULES,,
2022-01-07 00:00:00+05:30,322.305,322.4529,314.9563,315.5975,947567,GRANULES,,
2022-01-10 00:00:00+05:30,316.6331,323.4886,314.1671,322.3049,1371374,GRANULES,,
2022-01-11 00:00:00+05:30,323.538,334.8815,321.4665,331.2318,3038070,GRANULES,,
2022-01-12 00:00:00+05:30,334.2897,336.2624,326.4971,330.0975,1891817,GRANULES,,
2022-01-13 00:00:00+05:30,329.9495,342.7727,327.9767,337.742,3121560,GRANULES,,
2022-01-14 00:00:00+05:30,337.3475,357.47,336.5584,352.7353,7651568,GRANULES,,
2022-01-17 00:00:00+05:30,349.1843,350.6639,317.4716,326.5958,12241128,GRANULES,,
2022-01-18 00:00:00+05:30,327.4835,330.4427,317.6196,319.0499,2629050,GRANULES,,
2022-01-19 00:00:00+05:30,319.0499,319.0499,308.742,312.9835,3486802,GRANULES,,
2022-01-20 00:00:00+05:30,312.9835,321.9104,310.123,317.4716,1865706,GRANULES,,
2022-01-21 00:00:00+05:30,316.4852,320.1842,309.7284,314.3645,1506357,GRANULES,,
2022-01-24 00:00:00+05:30,313.674,313.9206,297.8423,300.6042,2322812,GRANULES,,
2022-01-25 00:00:00+05:30,299.8644,304.2539,292.2692,297.0532,2051774,GRANULES,,
2022-01-27 00:00:00+05:30,295.9189,295.9189,286.0549,290.0005,2053334,GRANULES,,
2022-01-28 00:00:00+05:30,291.9733,303.81,291.9733,296.6093,1461260,GRANULES,,
2022-01-31 00:00:00+05:30,299.3712,303.5634,298.6314,299.9631,980019,GRANULES,,
2022-02-01 00:00:00+05:30,300.8508,309.7284,299.8644,306.6212,940011,GRANULES,,
2022-02-02 00:00:00+05:30,308.742,317.8661,308.1501,316.9784,1193933,GRANULES,,
2022-02-03 00:00:00+05:30,316.9784,322.5515,316.9784,320.0855,1391481,GRANULES,,
2022-02-04 00:00:00+05:30,320.0855,321.0226,312.1944,315.7947,1019282,GRANULES,,
2022-02-07 00:00:00+05:30,315.4002,316.6332,306.7692,307.7556,541316,GRANULES,,
2022-02-08 00:00:00+05:30,307.6077,311.7012,297.3985,305.5362,2539806,GRANULES,,
2022-02-09 00:00:00+05:30,306.7199,311.5532,301.8372,307.4103,741264,GRANULES,,
2022-02-10 00:00:00+05:30,309.0379,311.06,306.2267,309.1365,546014,GRANULES,,
2022-02-11 00:00:00+05:30,305.7828,307.5583,300.8508,302.0838,738423,GRANULES,,
2022-02-14 00:00:00+05:30,297.8916,306.5719,295.9188,298.3848,893586,GRANULES,,
2022-02-15 00:00:00+05:30,299.963,306.6212,294.1926,305.6348,881416,GRANULES,,
2022-02-16 00:00:00+05:30,307.7556,312.8355,302.4784,304.3032,940815,GRANULES,,
2022-02-17 00:00:00+05:30,305.0436,306.3763,300.1076,301.7859,394938,GRANULES,,
2022-02-18 00:00:00+05:30,299.1205,302.1314,297.689,299.0711,342473,GRANULES,,
2022-02-21 00:00:00+05:30,296.1589,299.8115,291.7658,293.7896,806539,GRANULES,,
2022-02-22 00:00:00+05:30,287.817,292.5062,275.7732,285.201,1459088,GRANULES,,
2022-02-23 00:00:00+05:30,287.3728,290.4825,280.3637,281.9926,709167,GRANULES,,
2022-02-24 00:00:00+05:30,276.415,277.3528,261.8045,263.8776,1881016,GRANULES,,
2022-02-25 00:00:00+05:30,270.4918,285.4478,267.5795,284.3125,1269980,GRANULES,,
2022-02-28 00:00:00+05:30,283.3253,289.0017,279.2778,286.9779,796519,GRANULES,,
2022-03-02 00:00:00+05:30,286.2869,292.3088,284.9048,288.0145,670048,GRANULES,,
2022-03-03 00:00:00+05:30,291.2229,295.5666,284.9049,286.7312,733078,GRANULES,,
2022-03-04 00:00:00+05:30,283.1278,288.0145,278.488,284.8554,873925,GRANULES,,
2022-03-07 00:00:00+05:30,278.5374,284.6087,273.5027,282.3381,702528,GRANULES,,
2022-03-08 00:00:00+05:30,283.0292,290.0383,274.9835,284.51,934023,GRANULES,,
2022-03-09 00:00:00+05:30,288.0639,295.1717,284.5593,291.8152,696946,GRANULES,,
2022-03-10 00:00:00+05:30,295.5665,297.4916,285.7933,288.9523,963352,GRANULES,,
2022-03-11 00:00:00+05:30,287.5702,305.5372,287.4715,304.2539,2737826,GRANULES,,
2022-03-14 00:00:00+05:30,306.2283,307.8078,298.0345,298.9724,1142803,GRANULES,,
2022-03-15 00:00:00+05:30,301.5884,309.7821,297.146,298.7256,1860870,GRANULES,,
2022-03-16 00:00:00+05:30,302.082,304.5007,293.7402,302.2795,957826,GRANULES,,
2022-03-17 00:00:00+05:30,302.9212,306.8206,301.0948,301.7365,661440,GRANULES,,
2022-03-21 00:00:00+05:30,306.0308,315.8041,303.0692,309.7328,2506378,GRANULES,,
2022-03-22 00:00:00+05:30,309.7328,311.4604,304.55,308.4495,1093818,GRANULES,,
2022-03-23 00:00:00+05:30,308.1533,312.9412,305.6359,306.9687,997898,GRANULES,,
2022-03-24 00:00:00+05:30,306.1296,317.8772,303.7603,311.9047,2917594,GRANULES,,
2022-03-25 00:00:00+05:30,310.9668,317.3836,310.4732,314.8662,1010743,GRANULES,,
2022-03-28 00:00:00+05:30,317.4823,319.8022,306.1296,307.3636,1722915,GRANULES,,
2022-03-29 00:00:00+05:30,307.3635,311.5591,303.2667,306.8699,896570,GRANULES,,
2022-03-30 00:00:00+05:30,307.018,310.8681,304.8462,305.7347,628764,GRANULES,,
2022-03-31 00:00:00+05:30,305.9321,308.4494,301.3909,302.5756,875802,GRANULES,,
2022-04-01 00:00:00+05:30,303.0692,315.2611,300.3051,309.0911,1542332,GRANULES,,
2022-04-04 00:00:00+05:30,312.9412,312.9412,308.5482,310.2758,589257,GRANULES,,
2022-04-05 00:00:00+05:30,310.9175,316.89,310.4732,311.6579,883714,GRANULES,,
2022-04-06 00:00:00+05:30,311.6579,319.5554,309.0418,313.6323,1661869,GRANULES,,
2022-04-07 00:00:00+05:30,314.9156,316.2977,306.5245,308.3014,1003080,GRANULES,,
2022-04-08 00:00:00+05:30,309.0911,311.954,307.1167,310.4239,477885,GRANULES,,
2022-04-11 00:00:00+05:30,310.5719,314.8169,305.2904,306.0802,860421,GRANULES,,
2022-04-12 00:00:00+05:30,306.0308,307.5116,296.1589,297.8371,1105943,GRANULES,,
2022-04-13 00:00:00+05:30,300.5025,301.0455,293.7896,296.1095,1197280,GRANULES,,
2022-04-18 00:00:00+05:30,295.9614,295.9614,289.3966,293.987,608648,GRANULES,,
2022-04-19 00:00:00+05:30,295.2704,298.1333,281.4497,286.7805,684286,GRANULES,,
2022-04-20 00:00:00+05:30,288.1132,289.9889,282.5849,285.0036,825496,GRANULES,,
2022-04-21 00:00:00+05:30,286.2869,289.4953,285.7933,287.9651,503590,GRANULES,,
2022-04-22 00:00:00+05:30,287.4715,294.1351,283.9176,289.4953,1275499,GRANULES,,
2022-04-25 00:00:00+05:30,287.4716,289.0017,280.8573,282.9305,591565,GRANULES,,
2022-04-26 00:00:00+05:30,284.3618,287.1753,281.7458,283.0785,377344,GRANULES,,
2022-04-27 00:00:00+05:30,283.0785,286.1388,278.3399,279.722,697039,GRANULES,,
2022-04-28 00:00:00+05:30,279.9688,282.7824,275.9213,281.8939,639570,GRANULES,,
2022-04-29 00:00:00+05:30,283.2266,287.6196,276.4149,278.1919,1043341,GRANULES,,
2022-05-02 00:00:00+05:30,275.9214,279.3272,272.9104,273.8976,491196,GRANULES,,
2022-05-04 00:00:00+05:30,275.2796,276.2174,263.0384,264.766,683768,GRANULES,,
2022-05-05 00:00:00+05:30,266.7404,272.0713,264.1737,265.0622,566352,GRANULES,,
2022-05-06 00:00:00+05:30,263.3839,264.2724,259.0403,262.2487,689683,GRANULES,,
2022-05-09 00:00:00+05:30,258.6454,263.532,255.3877,257.905,670965,GRANULES,,
2022-05-10 00:00:00+05:30,257.1646,261.607,247.1939,249.2177,634472,GRANULES,,
2022-05-11 00:00:00+05:30,248.7734,250.8465,235.8905,242.5047,784418,GRANULES,,
2022-05-12 00:00:00+05:30,236.5322,239.4444,229.1282,232.1885,815563,GRANULES,,
2022-05-13 00:00:00+05:30,233.077,240.8759,233.077,236.0386,438170,GRANULES,,
2022-05-16 00:00:00+05:30,240.4316,242.2579,235.9892,238.8027,455308,GRANULES,,
2022-05-17 00:00:00+05:30,240.9746,249.3164,236.2854,247.5395,766824,GRANULES,,
2022-05-18 00:00:00+05:30,247.7863,262.0513,247.7863,259.7314,2343577,GRANULES,,
2022-05-19 00:00:00+05:30,250.0568,256.671,239.8887,242.2579,1703921,GRANULES,,
2022-05-20 00:00:00+05:30,247.5888,269.4058,243.8374,267.7276,5393671,GRANULES,,
2022-05-23 00:00:00+05:30,269.5046,278.0438,265.6545,276.7111,1986457,GRANULES,,
2022-05-24 00:00:00+05:30,275.329,281.3509,272.2687,276.8592,1648349,GRANULES,,
2022-05-25 00:00:00+05:30,277.797,278.2906,249.2177,250.7478,1550157,GRANULES,,
2022-05-26 00:00:00+05:30,253.6601,256.6217,247.1939,255.3383,1051098,GRANULES,,
2022-05-27 00:00:00+05:30,259.5339,272.9598,256.8191,263.8776,2637183,GRANULES,,
2022-05-30 00:00:00+05:30,263.5814,272.0713,263.5814,267.925,1020761,GRANULES,,
2022-05-31 00:00:00+05:30,268.4186,274.2925,264.6179,266.4936,1078705,GRANULES,,
2022-06-01 00:00:00+05:30,266.1974,269.9488,262.298,266.5429,696035,GRANULES,,
2022-06-02 00:00:00+05:30,266.543,270.3931,259.682,268.9616,548740,GRANULES,,
2022-06-03 00:00:00+05:30,269.9981,274.9341,264.766,265.7532,645492,GRANULES,,
2022-06-06 00:00:00+05:30,265.7532,270.393,261.7551,268.9122,532504,GRANULES,,
2022-06-07 00:00:00+05:30,267.0366,268.9616,263.7788,267.3327,458313,GRANULES,,
2022-06-08 00:00:00+05:30,266.6417,272.3674,264.5686,269.9982,518495,GRANULES,,
2022-06-09 00:00:00+05:30,269.4058,271.8245,266.6417,270.6398,270348,GRANULES,,
2022-06-10 00:00:00+05:30,269.4058,270.6892,266.2468,270.2943,351087,GRANULES,,
2022-06-13 00:00:00+05:30,266.0987,268.1719,253.7094,255.3877,590172,GRANULES,,
2022-06-14 00:00:00+05:30,251.735,262.5448,251.735,256.1281,586186,GRANULES,,
2022-06-15 00:00:00+05:30,256.671,256.671,249.8594,252.278,633065,GRANULES,,
2022-06-16 00:00:00+05:30,253.9069,255.6838,234.6565,236.3841,986405,GRANULES,,
2022-06-17 00:00:00+05:30,236.3841,242.5047,232.2379,239.1483,887526,GRANULES,,
2022-06-20 00:00:00+05:30,238.6053,240.0368,224.0442,230.3622,1299766,GRANULES,,
2022-06-21 00:00:00+05:30,230.9545,245.3676,230.9545,243.1464,940995,GRANULES,,
2022-06-22 00:00:00+05:30,243.1464,244.3804,234.0149,235.8412,738982,GRANULES,,
2022-06-23 00:00:00+05:30,235.4463,243.3932,235.4463,241.2708,1332756,GRANULES,,
2022-06-24 00:00:00+05:30,244.183,254.7954,238.6053,253.4626,1177267,GRANULES,,
2022-06-27 00:00:00+05:30,256.671,267.4808,253.4626,264.7166,1963275,GRANULES,,
2022-06-28 00:00:00+05:30,261.6563,278.3893,256.3255,271.7257,4296675,GRANULES,,
2022-06-29 00:00:00+05:30,269.4552,274.2925,266.5923,273.2065,1314134,GRANULES,,
2022-06-30 00:00:00+05:30,273.4534,275.7733,267.1353,268.7642,1358538,GRANULES,,
2022-07-01 00:00:00+05:30,268.6161,276.1682,265.4571,275.1316,879548,GRANULES,,
2022-07-04 00:00:00+05:30,276.4149,278.6855,269.6526,276.8592,1198664,GRANULES,,
2022-07-05 00:00:00+05:30,277.4021,281.647,271.4789,273.7989,1120157,GRANULES,,
2022-07-06 00:00:00+05:30,273.4533,273.4533,269.702,271.7257,851760,GRANULES,,
2022-07-07 00:00:00+05:30,273.7989,277.797,270.0969,275.2797,1043124,GRANULES,,
2022-07-08 00:00:00+05:30,276.415,278.3894,272.0713,275.6746,455752,GRANULES,,
2022-07-11 00:00:00+05:30,275.6745,295.1717,273.9469,293.2466,4062730,GRANULES,,
2022-07-12 00:00:00+05:30,290.9761,294.8262,289.0017,290.9761,1234265,GRANULES,,
2022-07-13 00:00:00+05:30,291.519,300.2557,289.1004,297.7384,1942050,GRANULES,,
2022-07-14 00:00:00+05:30,297.2448,307.018,297.1954,301.391,3804212,GRANULES,,
2022-07-15 00:00:00+05:30,301.391,302.5756,296.1589,299.7621,1129422,GRANULES,,
2022-07-18 00:00:00+05:30,301.5391,306.0802,298.4294,304.55,1210026,GRANULES,,
2022-07-19 00:00:00+05:30,304.2531,309.4485,302.2244,305.0448,1359316,GRANULES,,
2022-07-20 00:00:00+05:30,305.787,309.1517,302.8182,304.8964,908371,GRANULES,,
2022-07-21 00:00:00+05:30,303.8078,310.0423,301.9276,305.5891,1431531,GRANULES,,
2022-07-22 00:00:00+05:30,306.6776,307.2714,294.7529,299.701,1621955,GRANULES,,
2022-07-25 00:00:00+05:30,298.1671,303.8078,294.1097,299.701,1662322,GRANULES,,
2022-07-26 00:00:00+05:30,299.8494,300.74,291.9326,293.7633,752389,GRANULES,,
2022-07-27 00:00:00+05:30,295.0004,299.5525,290.3492,298.5134,1412218,GRANULES,,
2022-07-28 00:00:00+05:30,296.1384,299.602,292.6253,297.029,1243470,GRANULES,,
2022-07-29 00:00:00+05:30,297.029,308.5579,293.8128,296.5342,3361080,GRANULES,,
2022-08-01 00:00:00+05:30,296.8311,302.2739,292.7242,301.1359,1991727,GRANULES,,
2022-08-02 00:00:00+05:30,302.8182,309.5475,298.7114,308.5579,2182599,GRANULES,,
2022-08-03 00:00:00+05:30,310.5371,315.9304,307.7662,311.1309,3520131,GRANULES,,
2022-08-04 00:00:00+05:30,311.1309,314.3966,299.9484,306.2818,1437298,GRANULES,,
2022-08-05 00:00:00+05:30,306.2818,311.6257,305.6881,307.7168,671106,GRANULES,,
2022-08-08 00:00:00+05:30,306.0839,313.5059,305.787,310.834,869074,GRANULES,,
2022-08-10 00:00:00+05:30,317.6622,317.6622,296.9301,298.6124,5151664,GRANULES,,
2022-08-11 00:00:00+05:30,300.839,305.3417,292.2789,303.313,2151083,GRANULES,,
2022-08-12 00:00:00+05:30,302.8182,309.7454,301.8286,307.4199,1838206,GRANULES,,
2022-08-16 00:00:00+05:30,307.7662,316.5736,307.5683,312.9616,2232414,GRANULES,,
2022-08-17 00:00:00+05:30,313.7038,324.2926,310.6856,323.5504,4206669,GRANULES,,
2022-08-18 00:00:00+05:30,323.9957,327.2614,320.73,322.066,2099201,GRANULES,,
2022-08-19 00:00:00+05:30,321.6206,322.7587,307.2714,309.399,3163291,GRANULES,,
2022-08-22 00:00:00+05:30,304.8469,311.2793,302.8182,303.6099,1192323,GRANULES,,
2022-08-23 00:00:00+05:30,301.8286,306.1829,299.8494,302.9666,746236,GRANULES,,
2022-08-24 00:00:00+05:30,302.9172,306.7272,301.6307,305.4902,1184574,GRANULES,,
2022-08-25 00:00:00+05:30,308.5579,309.1516,302.6203,303.1151,870949,GRANULES,,
2022-08-26 00:00:00+05:30,305.688,309.6464,304.0552,305.1932,1086692,GRANULES,,
2022-08-29 00:00:00+05:30,300.4432,306.7272,297.5239,298.8598,1026433,GRANULES,,
2022-08-30 00:00:00+05:30,301.3338,304.6984,299.4536,302.9172,1044837,GRANULES,,
2022-09-01 00:00:00+05:30,302.8182,304.451,300.3442,303.0161,441244,GRANULES,,
2022-09-02 00:00:00+05:30,304.55,308.4095,301.2348,301.9771,1175529,GRANULES,,
2022-09-05 00:00:00+05:30,301.977,304.2036,300.0968,302.8677,396343,GRANULES,,
2022-09-06 00:00:00+05:30,303.8078,305.787,299.8494,301.4822,422639,GRANULES,,
2022-09-07 00:00:00+05:30,301.3833,311.1309,299.9484,308.5084,1467415,GRANULES,,
2022-09-08 00:00:00+05:30,308.8548,310.0423,302.5214,305.3912,975371,GRANULES,,
2022-09-09 00:00:00+05:30,306.8756,323.204,304.7974,306.4302,4508783,GRANULES,,
2022-09-12 00:00:00+05:30,306.4303,308.3105,303.1151,304.4016,770650,GRANULES,,
2022-09-13 00:00:00+05:30,305.3912,309.1517,303.5109,304.5995,746187,GRANULES,,
2022-09-14 00:00:00+05:30,300.5421,306.4797,299.9484,303.5109,1121684,GRANULES,,
2022-09-15 00:00:00+05:30,303.3625,316.92,300.0968,314.8914,3476336,GRANULES,,
2022-09-16 00:00:00+05:30,316.6726,322.5608,310.0918,312.7637,3469138,GRANULES,,
2022-09-19 00:00:00+05:30,317.6128,323.5999,313.8028,316.9201,4636090,GRANULES,,
2022-09-20 00:00:00+05:30,319.2456,321.7691,298.7114,304.7974,2993808,GRANULES,,
2022-09-21 00:00:00+05:30,305.2922,314.1986,303.9562,311.2298,2850704,GRANULES,,
2022-09-22 00:00:00+05:30,310.735,322.6102,304.55,321.5217,2709295,GRANULES,,
2022-09-23 00:00:00+05:30,322.6103,328.4984,317.6623,320.0868,3646211,GRANULES,,
2022-09-26 00:00:00+05:30,318.256,319.493,301.4823,305.0943,2051071,GRANULES,,
2022-09-27 00:00:00+05:30,306.6282,316.2768,305.9354,314.8914,2031035,GRANULES,,
2022-09-28 00:00:00+05:30,318.6518,319.6414,308.162,314.8914,2432825,GRANULES,,
2022-09-29 00:00:00+05:30,316.6726,325.8759,315.9304,320.9279,2985532,GRANULES,,
2022-09-30 00:00:00+05:30,328.4984,343.3919,321.6701,341.7591,9384379,GRANULES,,
2022-10-03 00:00:00+05:30,344.3815,354.2775,341.6601,344.1341,5716345,GRANULES,,
2022-10-04 00:00:00+05:30,347.3503,354.8218,343.8867,353.5848,2749343,GRANULES,,
2022-10-06 00:00:00+05:30,355.2671,355.4651,344.6289,346.0143,2129625,GRANULES,,
2022-10-07 00:00:00+05:30,345.569,349.3295,338.4439,344.5794,1927329,GRANULES,,
2022-10-10 00:00:00+05:30,340.3241,344.5794,336.5142,343.4414,857427,GRANULES,,
2022-10-11 00:00:00+05:30,343.4414,348.1915,338.3449,339.4335,1412961,GRANULES,,
2022-10-12 00:00:00+05:30,339.4335,342.0559,337.5532,339.5324,809347,GRANULES,,
2022-10-13 00:00:00+05:30,339.5324,345.6185,336.8605,341.0663,1256799,GRANULES,,
2022-10-14 00:00:00+05:30,347.3503,348.2409,337.8501,339.3345,749555,GRANULES,,
2022-10-17 00:00:00+05:30,336.4647,347.8451,335.5741,346.4597,1347644,GRANULES,,
2022-10-18 00:00:00+05:30,348.241,353.8817,341.2148,353.4364,2532108,GRANULES,,
2022-10-19 00:00:00+05:30,353.4363,354.7228,348.043,352.3973,2011800,GRANULES,,
2022-10-20 00:00:00+05:30,350.3191,357.2463,339.0377,344.332,4444677,GRANULES,,
2022-10-21 00:00:00+05:30,347.2019,348.8842,337.2563,340.8684,1257578,GRANULES,,
2022-10-24 00:00:00+05:30,342.6992,344.3815,338.9882,339.9283,282006,GRANULES,,
2022-10-25 00:00:00+05:30,340.1757,354.228,338.6913,350.7644,2261821,GRANULES,,
2022-10-27 00:00:00+05:30,351.8035,366.1528,349.1316,365.3116,3672599,GRANULES,,
2022-10-28 00:00:00+05:30,368.5278,368.6268,358.8297,363.7777,2015669,GRANULES,,
2022-10-31 00:00:00+05:30,365.6085,369.9627,361.5016,368.7752,1661482,GRANULES,,
2022-11-01 00:00:00+05:30,370.1112,371.8924,366.4002,369.7648,1176881,GRANULES,,
2022-11-02 00:00:00+05:30,369.1215,373.8222,364.223,372.7831,1782542,GRANULES,,
2022-11-03 00:00:00+05:30,372.5852,377.0384,370.9029,374.7128,1570984,GRANULES,,
2022-11-04 00:00:00+05:30,375.0592,377.0384,363.8272,365.9548,933313,GRANULES,,
2022-11-07 00:00:00+05:30,367.0929,369.0721,358.6813,361.6006,1116298,GRANULES,,
2022-11-09 00:00:00+05:30,361.2047,371.0018,361.1058,363.6293,1041094,GRANULES,,
2022-11-10 00:00:00+05:30,363.6293,368.9236,351.0119,356.9495,1067492,GRANULES,,
2022-11-11 00:00:00+05:30,358.2359,368.1319,355.6135,362.2438,1016245,GRANULES,,
2022-11-14 00:00:00+05:30,363.085,370.4575,359.9183,365.8064,934576,GRANULES,,
2022-11-15 00:00:00+05:30,367.0434,368.6267,360.7099,365.7074,878137,GRANULES,,
2022-11-16 00:00:00+05:30,365.8559,369.4679,358.3844,360.1162,707446,GRANULES,,
2022-11-17 00:00:00+05:30,359.0276,364.5694,358.6813,360.9573,505198,GRANULES,,
2022-11-18 00:00:00+05:30,361.2542,363.2829,354.8218,356.801,409306,GRANULES,,
2022-11-21 00:00:00+05:30,356.2567,358.1865,352.4468,355.663,414210,GRANULES,,
2022-11-22 00:00:00+05:30,354.8218,360.1162,350.1212,358.8297,821822,GRANULES,,
2022-11-23 00:00:00+05:30,360.512,362.7881,355.6135,358.8297,978610,GRANULES,,
2022-11-24 00:00:00+05:30,360.2151,361.5511,352.5457,354.1291,483531,GRANULES,,
2022-11-25 00:00:00+05:30,354.1291,356.6525,352.2983,352.8921,341096,GRANULES,,
2022-11-28 00:00:00+05:30,356.1083,360.2151,349.8243,352.6447,825698,GRANULES,,
2022-11-29 00:00:00+05:30,352.4963,354.0796,342.4023,343.7383,583338,GRANULES,,
2022-11-30 00:00:00+05:30,343.3919,346.6576,340.4231,342.3528,665681,GRANULES,,
2022-12-01 00:00:00+05:30,342.8477,344.3815,335.4751,337.2564,1145495,GRANULES,,
2022-12-02 00:00:00+05:30,337.9986,339.2356,332.1599,336.0688,841191,GRANULES,,
2022-12-05 00:00:00+05:30,337.6522,342.7981,336.5141,337.6027,1010015,GRANULES,,
2022-12-06 00:00:00+05:30,338.9881,340.2746,331.7641,333.0505,512421,GRANULES,,
2022-12-07 00:00:00+05:30,331.5167,335.7719,329.5375,331.2198,405715,GRANULES,,
2022-12-08 00:00:00+05:30,331.2198,335.2772,329.6859,330.8734,615115,GRANULES,,
2022-12-09 00:00:00+05:30,332.2094,333.4959,324.7379,326.2718,662436,GRANULES,,
2022-12-12 00:00:00+05:30,326.2718,335.9699,325.678,333.9412,1080092,GRANULES,,
2022-12-13 00:00:00+05:30,334.9803,337.6522,329.7354,330.9724,693564,GRANULES,,
2022-12-14 00:00:00+05:30,331.2693,335.4256,331.2693,332.4568,500396,GRANULES,,
2022-12-15 00:00:00+05:30,330.8735,334.4855,327.6573,330.3292,682018,GRANULES,,
2022-12-16 00:00:00+05:30,329.6859,331.2693,321.5712,322.8082,607205,GRANULES,,
2022-12-19 00:00:00+05:30,324.441,326.0739,317.019,322.0165,610945,GRANULES,,
2022-12-20 00:00:00+05:30,320.73,322.066,316.7716,319.394,434326,GRANULES,,
2022-12-21 00:00:00+05:30,321.5217,334.9308,319.7899,332.1599,2368710,GRANULES,,
2022-12-22 00:00:00+05:30,333.4959,334.4855,322.1155,323.8473,753315,GRANULES,,
2022-12-23 00:00:00+05:30,322.7587,339.5819,320.1857,324.9358,4164898,GRANULES,,
2022-12-26 00:00:00+05:30,327.6572,329.389,319.1466,326.2223,1715760,GRANULES,,
2022-12-27 00:00:00+05:30,326.2223,329.1911,322.3629,325.4306,696653,GRANULES,,
2022-12-28 00:00:00+05:30,326.0739,327.5088,323.4019,324.8863,495362,GRANULES,,
2022-12-29 00:00:00+05:30,324.3915,328.4984,316.92,317.9591,1177700,GRANULES,,
2022-12-30 00:00:00+05:30,321.1259,321.1259,313.7533,315.4851,822206,GRANULES,,
2023-01-02 00:00:00+05:30,316.0294,319.2951,310.6361,316.9201,618759,GRANULES,,
2023-01-03 00:00:00+05:30,318.6519,326.2718,318.6519,323.0556,1639299,GRANULES,,
2023-01-04 00:00:00+05:30,324.5895,325.4801,318.2065,319.7404,458664,GRANULES,,
2023-01-05 00:00:00+05:30,320.9279,324.3915,317.4149,322.7587,508679,GRANULES,,
2023-01-06 00:00:00+05:30,323.6493,324.5894,313.3575,316.2768,473890,GRANULES,,
2023-01-09 00:00:00+05:30,318.6519,325.9254,314.0007,323.9462,599350,GRANULES,,
2023-01-10 00:00:00+05:30,323.5009,327.4099,320.2352,326.0244,557878,GRANULES,,
2023-01-11 00:00:00+05:30,326.5687,331.863,324.1441,327.9046,1109817,GRANULES,,
2023-01-12 00:00:00+05:30,328.5478,329.5375,313.9018,314.7429,1030251,GRANULES,,
2023-01-13 00:00:00+05:30,316.5737,317.6622,309.3496,315.0398,666459,GRANULES,,
2023-01-16 00:00:00+05:30,313.209,315.5346,309.1517,311.2793,666051,GRANULES,,
2023-01-17 00:00:00+05:30,310.7845,314.0997,309.0527,310.7845,416097,GRANULES,,
2023-01-18 00:00:00+05:30,311.6257,312.7142,307.7662,309.9434,642540,GRANULES,,
2023-01-19 00:00:00+05:30,309.0032,312.2194,306.3313,308.162,513000,GRANULES,,
2023-01-20 00:00:00+05:30,306.3808,313.209,304.6984,310.1907,847373,GRANULES,,
2023-01-23 00:00:00+05:30,310.6856,311.7741,306.5292,308.9043,623887,GRANULES,,
2023-01-24 00:00:00+05:30,307.024,313.5059,302.8182,305.985,1826085,GRANULES,,
2023-01-25 00:00:00+05:30,305.6881,305.6881,285.0054,285.896,2430714,GRANULES,,
2023-01-27 00:00:00+05:30,285.995,289.3596,275.7031,280.8491,1376711,GRANULES,,
2023-01-30 00:00:00+05:30,283.0261,290.6956,277.5339,288.3205,1820856,GRANULES,,
2023-01-31 00:00:00+05:30,291.2399,294.4066,288.9638,292.5758,803845,GRANULES,,
2023-02-01 00:00:00+05:30,293.318,296.2868,284.1642,288.469,740242,GRANULES,,
2023-02-02 00:00:00+05:30,289.4586,293.1696,284.8075,285.5992,1142240,GRANULES,,
2023-02-03 00:00:00+05:30,287.0341,290.5966,283.3231,289.0133,928424,GRANULES,,
2023-02-06 00:00:00+05:30,288.7659,294.753,284.0158,285.5992,896484,GRANULES,,
2023-02-07 00:00:00+05:30,285.6981,286.6877,279.4636,282.3829,642950,GRANULES,,
2023-02-08 00:00:00+05:30,282.9272,288.9638,281.0964,288.469,395140,GRANULES,,
2023-02-09 00:00:00+05:30,286.1929,289.8544,282.9767,286.5392,521581,GRANULES,,
2023-02-10 00:00:00+05:30,284.3622,289.8544,283.7684,286.2424,780385,GRANULES,,
2023-02-13 00:00:00+05:30,286.9846,287.9742,280.4037,282.6798,504536,GRANULES,,
2023-02-14 00:00:00+05:30,282.6798,285.4012,280.4038,284.8075,353487,GRANULES,,
2023-02-15 00:00:00+05:30,284.7085,287.9247,282.5809,287.232,398051,GRANULES,,
2023-02-16 00:00:00+05:30,287.4299,290.6956,286.5392,289.706,366766,GRANULES,,
2023-02-17 00:00:00+05:30,289.4091,291.6357,283.323,284.9064,653146,GRANULES,,
2023-02-20 00:00:00+05:30,283.521,286.8856,281.2449,284.4611,420539,GRANULES,,
2023-02-21 00:00:00+05:30,284.4611,286.2424,282.5809,283.2736,385107,GRANULES,,
2023-02-22 00:00:00+05:30,282.0365,282.9767,276.2474,277.0885,606292,GRANULES,,
2023-02-23 00:00:00+05:30,277.0885,281.5418,274.6145,280.4037,940249,GRANULES,,
2023-02-24 00:00:00+05:30,279.7605,284.4116,278.8204,282.4819,587900,GRANULES,,
2023-02-27 00:00:00+05:30,282.0366,284.8074,277.6823,278.1771,434645,GRANULES,,
2023-02-28 00:00:00+05:30,278.9688,282.1355,276.2969,277.1875,435298,GRANULES,,
2023-03-01 00:00:00+05:30,277.4349,281.8386,276.7917,280.5522,358809,GRANULES,,
2023-03-02 00:00:00+05:30,280.7501,281.3933,277.3854,280.0574,201773,GRANULES,,
2023-03-03 00:00:00+05:30,280.7501,284.7085,279.3152,282.7293,488035,GRANULES,,
2023-03-06 00:00:00+05:30,282.8777,288.8648,282.8777,286.6877,463252,GRANULES,,
2023-03-08 00:00:00+05:30,284.5106,291.5368,284.1148,286.1929,998997,GRANULES,,
2023-03-09 00:00:00+05:30,285.6981,290.7946,285.1538,289.3596,538589,GRANULES,,
2023-03-10 00:00:00+05:30,286.2919,287.8752,275.5547,280.8986,1062292,GRANULES,,
2023-03-13 00:00:00+05:30,280.6016,282.7788,278.2761,280.0079,541821,GRANULES,,
2023-03-14 00:00:00+05:30,279.9584,284.4116,279.2162,280.7996,476589,GRANULES,,
2023-03-15 00:00:00+05:30,281.047,286.0444,280.5522,282.1355,446410,GRANULES,,
2023-03-16 00:00:00+05:30,281.6902,282.8282,277.3854,280.1068,466650,GRANULES,,
2023-03-17 00:00:00+05:30,280.6511,285.4012,279.3152,283.0757,481889,GRANULES,,
2023-03-20 00:00:00+05:30,282.4819,282.7788,276.4948,278.9688,880975,GRANULES,,
2023-03-21 00:00:00+05:30,279.612,287.7763,279.1172,285.3022,872354,GRANULES,,
2023-03-22 00:00:00+05:30,286.4403,286.9351,282.3334,284.56,195855,GRANULES,,
2023-03-23 00:00:00+05:30,282.7788,284.0158,276.5443,277.7813,400036,GRANULES,,
2023-03-24 00:00:00+05:30,278.1276,280.4532,275.7031,279.4141,702832,GRANULES,,
2023-03-27 00:00:00+05:30,279.4142,283.521,275.8021,280.7006,1362843,GRANULES,,
2023-03-28 00:00:00+05:30,280.7006,281.4923,267.4894,268.1327,1640402,GRANULES,,
2023-03-29 00:00:00+05:30,265.7081,272.1406,264.9659,270.4088,1073323,GRANULES,,
2023-03-31 00:00:00+05:30,272.1405,288.7658,271.8931,287.6773,2403068,GRANULES,,
2023-04-03 00:00:00+05:30,287.6773,295.4457,285.4012,294.2582,1412208,GRANULES,,
2023-04-05 00:00:00+05:30,295.99,295.99,291.3883,293.0706,1223900,GRANULES,,
2023-04-06 00:00:00+05:30,292.9222,296.8312,291.042,295.6436,503742,GRANULES,,
2023-04-10 00:00:00+05:30,295.3962,299.7504,293.1201,296.2868,1047939,GRANULES,,
2023-04-11 00:00:00+05:30,295.891,298.1671,290.0029,290.6461,375743,GRANULES,,
2023-04-12 00:00:00+05:30,290.8935,301.7791,290.4976,298.5134,1869382,GRANULES,,
2023-04-13 00:00:00+05:30,299.7504,299.7504,292.9222,294.4066,587990,GRANULES,,
2023-04-17 00:00:00+05:30,295.891,296.1879,290.8935,291.4873,435567,GRANULES,,
2023-04-18 00:00:00+05:30,291.4378,298.464,291.1904,297.5733,587593,GRANULES,,
2023-04-19 00:00:00+05:30,299.8494,303.313,297.1775,300.8885,1787289,GRANULES,,
2023-04-20 00:00:00+05:30,302.3234,302.6698,298.7608,299.4041,610987,GRANULES,,
2023-04-21 00:00:00+05:30,299.4041,300.3937,296.1384,297.3754,345170,GRANULES,,
2023-04-24 00:00:00+05:30,298.9093,299.1567,293.7139,294.4066,544714,GRANULES,,
2023-04-25 00:00:00+05:30,294.4066,295.9899,291.4872,293.7633,275467,GRANULES,,
2023-04-26 00:00:00+05:30,293.7634,296.8806,292.9222,296.0395,417472,GRANULES,,
2023-04-27 00:00:00+05:30,296.0394,300.3442,293.9613,299.0577,635897,GRANULES,,
2023-04-28 00:00:00+05:30,300.5916,300.7401,294.852,297.227,991295,GRANULES,,
2023-05-02 00:00:00+05:30,297.5733,300.4926,295.6436,297.7218,1054387,GRANULES,,
2023-05-03 00:00:00+05:30,294.9014,298.8598,294.9014,296.5837,494373,GRANULES,,
2023-05-04 00:00:00+05:30,296.6332,306.5787,296.6332,300.4432,2936363,GRANULES,,
2023-05-05 00:00:00+05:30,301.8286,302.8182,293.0706,293.5654,1152479,GRANULES,,
2023-05-08 00:00:00+05:30,293.9612,305.2922,292.0315,303.2635,1635272,GRANULES,,
2023-05-09 00:00:00+05:30,304.2532,305.6386,295.6436,296.4848,1051952,GRANULES,,
2023-05-10 00:00:00+05:30,296.5343,298.7114,292.9222,297.6228,635528,GRANULES,,
2023-05-11 00:00:00+05:30,297.6228,299.3052,293.9118,295.7426,559968,GRANULES,,
2023-05-12 00:00:00+05:30,295.3962,297.2764,292.5263,293.0211,418971,GRANULES,,
2023-05-15 00:00:00+05:30,293.9118,294.6045,287.4794,289.7555,866140,GRANULES,,
2023-05-16 00:00:00+05:30,290.943,299.3051,281.047,285.1538,3737374,GRANULES,,
2023-05-17 00:00:00+05:30,285.1043,295.0993,277.1875,282.9767,4555413,GRANULES,,
2023-05-18 00:00:00+05:30,284.4116,286.8361,273.3281,274.8619,2273957,GRANULES,,
2023-05-19 00:00:00+05:30,277.0886,277.0886,271.2994,273.427,1272913,GRANULES,,
2023-05-22 00:00:00+05:30,270.1614,278.9193,270.1614,273.3776,1351751,GRANULES,,
2023-05-23 00:00:00+05:30,274.8125,275.5052,271.151,272.9818,1127426,GRANULES,,
2023-05-24 00:00:00+05:30,272.9817,277.4844,272.1406,276.0,919244,GRANULES,,
2023-05-25 00:00:00+05:30,276.9401,277.0886,269.5181,270.2108,1659369,GRANULES,,
2023-05-26 00:00:00+05:30,270.2108,274.9609,269.5181,273.9713,810097,GRANULES,,
2023-05-29 00:00:00+05:30,275.1094,279.4141,273.9713,278.4245,738499,GRANULES,,
2023-05-30 00:00:00+05:30,279.8594,281.7892,277.6328,279.0183,904908,GRANULES,,
2023-05-31 00:00:00+05:30,278.474,281.4428,276.9401,279.0183,785679,GRANULES,,
2023-06-01 00:00:00+05:30,278.7214,285.797,278.6224,285.0548,1224324,GRANULES,,
2023-06-02 00:00:00+05:30,286.2424,287.9742,280.4037,283.9663,1373742,GRANULES,,
2023-06-05 00:00:00+05:30,285.2528,285.4012,281.047,281.7892,606860,GRANULES,,
2023-06-06 00:00:00+05:30,282.0366,282.0366,277.138,279.3647,783520,GRANULES,,
2023-06-07 00:00:00+05:30,279.4142,282.284,278.7709,280.8491,797592,GRANULES,,
2023-06-08 00:00:00+05:30,280.0574,281.5912,276.1484,276.9401,792292,GRANULES,,
2023-06-09 00:00:00+05:30,278.0287,278.2761,273.3281,274.4166,517594,GRANULES,,
2023-06-12 00:00:00+05:30,274.4166,277.9792,272.388,276.5443,518027,GRANULES,,
2023-06-13 00:00:00+05:30,277.9297,283.4715,277.0391,282.3829,1509258,GRANULES,,
2023-06-14 00:00:00+05:30,283.8178,285.995,282.5808,284.1147,1244112,GRANULES,,
2023-06-15 00:00:00+05:30,285.4507,285.995,282.0366,284.1147,1160874,GRANULES,,
2023-06-16 00:00:00+05:30,285.0549,292.7738,284.1148,289.0133,2037737,GRANULES,,
2023-06-19 00:00:00+05:30,291.9326,294.3077,289.607,291.6852,1629998,GRANULES,,
2023-06-20 00:00:00+05:30,292.1305,292.1305,287.9742,290.2008,947694,GRANULES,,
2023-06-21 00:00:00+05:30,290.943,291.6852,284.3126,287.9247,1720989,GRANULES,,
2023-06-22 00:00:00+05:30,288.0236,291.4378,283.7189,284.9559,985128,GRANULES,,
2023-06-23 00:00:00+05:30,284.9559,287.6278,278.4246,284.0158,1132378,GRANULES,,
2023-06-26 00:00:00+05:30,284.9559,289.2112,280.3542,288.2216,1081556,GRANULES,,
2023-06-27 00:00:00+05:30,289.6565,297.5733,288.6669,294.1097,3220796,GRANULES,,
2023-06-28 00:00:00+05:30,295.3468,299.4536,291.9326,297.2765,2246080,GRANULES,,
2023-06-30 00:00:00+05:30,295.1983,296.6827,290.4977,293.8128,2446255,GRANULES,,
2023-07-03 00:00:00+05:30,298.8598,301.4328,294.4561,295.5446,2316092,GRANULES,,
2023-07-04 00:00:00+05:30,296.1384,296.5342,291.1409,292.5758,1387147,GRANULES,,
2023-07-05 00:00:00+05:30,292.5758,293.7634,291.1904,292.2295,550232,GRANULES,,
2023-07-06 00:00:00+05:30,291.9326,300.0968,291.2399,297.7712,2025739,GRANULES,,
2023-07-07 00:00:00+05:30,297.8702,312.1205,296.8806,308.6569,11444581,GRANULES,,
2023-07-10 00:00:00+05:30,311.4278,314.1492,305.8365,306.8261,3468004,GRANULES,,
2023-07-11 00:00:00+05:30,308.6568,310.2402,303.3625,306.7271,1606249,GRANULES,,
2023-07-12 00:00:00+05:30,308.2611,311.2793,304.8964,305.6881,2050698,GRANULES,,
2023-07-13 00:00:00+05:30,308.0136,309.4486,297.3754,299.2062,2840536,GRANULES,,
2023-07-14 00:00:00+05:30,302.1255,307.222,299.2062,305.5891,1777667,GRANULES,,
2023-07-17 00:00:00+05:30,308.7558,311.2298,306.8756,308.0631,1315832,GRANULES,,
2023-07-18 00:00:00+05:30,308.8548,309.498,302.8182,306.7766,974968,GRANULES,,
2023-07-19 00:00:00+05:30,307.7167,314.6439,306.8261,310.1907,2578074,GRANULES,,
2023-07-20 00:00:00+05:30,311.4278,311.8236,307.4693,308.2115,895845,GRANULES,,
2023-07-21 00:00:00+05:30,307.3209,311.6257,305.787,306.5787,1282195,GRANULES,,
2023-07-24 00:00:00+05:30,306.7272,308.9538,302.8677,303.7584,914154,GRANULES,,
2023-07-25 00:00:00+05:30,304.7974,307.8652,303.511,305.7376,943549,GRANULES,,
2023-07-26 00:00:00+05:30,306.7766,309.1517,303.511,304.8964,853913,GRANULES,,
2023-07-27 00:00:00+05:30,306.2324,320.1857,305.4407,318.3055,5886341,GRANULES,,
2023-07-28 00:00:00+05:30,320.1362,323.5009,316.4252,317.9591,3729513,GRANULES,,
2023-07-31 00:00:00+05:30,318.4539,321.9175,317.6623,319.9383,1262686,GRANULES,,
2023-08-01 00:00:00+05:30,319.9383,325.8759,318.8992,322.8082,2337236,GRANULES,,
2023-08-02 00:00:00+05:30,324.441,324.441,310.4382,313.8523,2233822,GRANULES,,
2023-08-03 00:00:00+05:30,315.6917,319.8678,313.0568,316.3878,1812204,GRANULES,,
2023-08-04 00:00:00+05:30,318.1775,323.5468,315.4929,316.4872,1942284,GRANULES,,
2023-08-07 00:00:00+05:30,318.5752,320.5638,315.3935,318.7244,970256,GRANULES,,
2023-08-08 00:00:00+05:30,319.0724,323.0496,318.1278,321.2599,1372128,GRANULES,,
2023-08-09 00:00:00+05:30,322.9005,325.6348,319.1718,320.5638,1841196,GRANULES,,
2023-08-10 00:00:00+05:30,304.5058,313.206,299.2857,300.1806,7189682,GRANULES,,
2023-08-11 00:00:00+05:30,300.28,301.4235,295.3085,298.192,1712787,GRANULES,,
2023-08-14 00:00:00+05:30,296.3028,296.7005,286.0615,290.1878,2167364,GRANULES,,
2023-08-16 00:00:00+05:30,289.3427,294.3142,286.3598,292.425,1010235,GRANULES,,
2023-08-17 00:00:00+05:30,292.1267,294.7119,289.5415,292.3753,800663,GRANULES,,
2023-08-18 00:00:00+05:30,291.8284,295.8056,286.4592,288.6964,1290513,GRANULES,,
2023-08-21 00:00:00+05:30,291.3313,298.1423,288.6964,296.6011,1166153,GRANULES,,
2023-08-22 00:00:00+05:30,296.7999,297.4462,292.8724,293.8667,1153324,GRANULES,,
2023-08-23 00:00:00+05:30,294.2645,295.5571,292.6239,292.9719,486835,GRANULES,,
2023-08-24 00:00:00+05:30,294.2147,297.6451,292.1267,293.121,1075290,GRANULES,,
2023-08-25 00:00:00+05:30,294.6125,299.0868,290.9833,292.425,1645734,GRANULES,,
2023-08-28 00:00:00+05:30,293.3696,300.7275,292.5245,297.2474,1182305,GRANULES,,
2023-08-29 00:00:00+05:30,297.1977,301.1749,296.6011,299.932,1238077,GRANULES,,
2023-08-30 00:00:00+05:30,300.0812,303.3624,298.6394,300.28,827421,GRANULES,,
2023-08-31 00:00:00+05:30,299.8325,301.1252,294.861,295.9051,873128,GRANULES,,
2023-09-01 00:00:00+05:30,298.3909,301.7715,296.5514,300.5783,809021,GRANULES,,
2023-09-04 00:00:00+05:30,301.7217,306.1464,299.6834,303.8595,1137149,GRANULES,,
2023-09-05 00:00:00+05:30,304.7047,312.2117,304.1578,309.7756,1552527,GRANULES,,
2023-09-06 00:00:00+05:30,310.8693,313.206,307.7373,309.179,949875,GRANULES,,
2023-09-07 00:00:00+05:30,309.2288,321.6576,309.1791,314.4489,3527630,GRANULES,,
2023-09-08 00:00:00+05:30,315.99,317.1832,309.9248,311.0682,1136470,GRANULES,,
2023-09-11 00:00:00+05:30,311.0682,315.9403,311.0682,312.162,752473,GRANULES,,
2023-09-12 00:00:00+05:30,312.2117,316.1392,304.1578,305.9973,1519165,GRANULES,,
2023-09-13 00:00:00+05:30,311.9134,323.9942,311.0682,318.7244,8981723,GRANULES,,
2023-09-14 00:00:00+05:30,321.409,333.4898,319.1718,332.4955,4735174,GRANULES,,
2023-09-15 00:00:00+05:30,334.5835,336.3236,328.7668,329.3634,2432640,GRANULES,,
2023-09-18 00:00:00+05:30,331.1035,332.8435,324.1433,325.0382,1229038,GRANULES,,
2023-09-20 00:00:00+05:30,323.149,332.0481,319.1718,329.7115,1988574,GRANULES,,
2023-09-21 00:00:00+05:30,330.8549,331.7498,320.365,321.3593,1323430,GRANULES,,
2023-09-22 00:00:00+05:30,321.3593,336.6218,318.9729,334.8818,3802198,GRANULES,,
2023-09-25 00:00:00+05:30,336.8704,339.0579,328.22,331.8492,2284760,GRANULES,,
2023-09-26 00:00:00+05:30,331.352,336.3733,327.5737,334.5835,1792919,GRANULES,,
2023-09-27 00:00:00+05:30,333.0921,349.4981,332.2966,347.7581,6579578,GRANULES,,
2023-09-28 00:00:00+05:30,347.7581,348.7524,338.163,339.9031,3518868,GRANULES,,
2023-09-29 00:00:00+05:30,342.9357,353.9725,341.0465,352.7296,2385607,GRANULES,,
2023-10-03 00:00:00+05:30,355.9611,357.9,351.1387,354.3205,2034947,GRANULES,,
2023-10-04 00:00:00+05:30,353.9725,358.7948,347.062,357.5022,3430857,GRANULES,,
2023-10-05 00:00:00+05:30,358.8943,359.7892,350.1941,352.3319,1335740,GRANULES,,
2023-10-06 00:00:00+05:30,353.4753,363.1698,350.2935,360.0378,2263674,GRANULES,,
2023-10-09 00:00:00+05:30,350.9896,362.623,350.9896,353.7736,1988089,GRANULES,,
2023-10-10 00:00:00+05:30,354.7679,360.336,354.5193,355.7622,782904,GRANULES,,
2023-10-11 00:00:00+05:30,357.7508,357.7508,350.045,351.1884,941498,GRANULES,,
2023-10-12 00:00:00+05:30,351.1884,356.4582,351.1884,353.9725,576820,GRANULES,,
2023-10-13 00:00:00+05:30,353.9725,356.2594,350.1444,351.5862,711449,GRANULES,,
2023-10-16 00:00:00+05:30,353.6245,353.9725,348.8021,350.4924,642939,GRANULES,,
2023-10-17 00:00:00+05:30,350.5421,354.0719,349.4981,352.9782,574892,GRANULES,,
2023-10-18 00:00:00+05:30,352.9782,356.9554,349.0009,353.9228,724141,GRANULES,,
2023-10-19 00:00:00+05:30,353.8731,353.8731,348.1061,351.3376,669522,GRANULES,,
2023-10-20 00:00:00+05:30,352.0833,352.0833,341.0465,342.7865,931467,GRANULES,,
2023-10-23 00:00:00+05:30,340.0522,343.6317,328.4188,330.7057,1089917,GRANULES,,
2023-10-25 00:00:00+05:30,331.7497,333.1418,323.6959,327.7725,607043,GRANULES,,
2023-10-26 00:00:00+05:30,325.1377,327.7229,317.1335,322.5525,756435,GRANULES,,
2023-10-27 00:00:00+05:30,324.7896,328.3691,322.9502,324.4416,531185,GRANULES,,
2023-10-30 00:00:00+05:30,324.4416,326.0822,320.6633,324.1433,384027,GRANULES,,
2023-10-31 00:00:00+05:30,324.0936,325.5851,319.2712,324.0439,461624,GRANULES,,
2023-11-01 00:00:00+05:30,324.0936,338.5607,320.9118,335.4784,2349145,GRANULES,,
2023-11-02 00:00:00+05:30,338.6602,344.7255,336.6716,339.7042,1125070,GRANULES,,
2023-11-03 00:00:00+05:30,341.0465,351.5364,340.0522,349.8461,917227,GRANULES,,
2023-11-06 00:00:00+05:30,349.8461,351.8347,344.5763,348.7524,744222,GRANULES,,
2023-11-07 00:00:00+05:30,347.0124,353.4753,345.5706,352.4313,846255,GRANULES,,
2023-11-08 00:00:00+05:30,352.5804,364.7607,352.5804,356.0108,2962408,GRANULES,,
2023-11-09 00:00:00+05:30,358.8446,372.6654,351.3873,367.9922,4196966,GRANULES,,
2023-11-10 00:00:00+05:30,366.8984,369.8316,362.076,364.4624,1089859,GRANULES,,
2023-11-13 00:00:00+05:30,367.2465,368.8871,359.0932,366.8488,760188,GRANULES,,
2023-11-15 00:00:00+05:30,367.8927,369.8813,362.7223,364.1641,650795,GRANULES,,
2023-11-16 00:00:00+05:30,363.8658,368.3899,361.8772,364.8104,575239,GRANULES,,
2023-11-17 00:00:00+05:30,364.9098,373.8586,364.1641,370.7265,2597809,GRANULES,,
2023-11-20 00:00:00+05:30,370.8756,371.8203,361.5789,365.059,1339118,GRANULES,,
2023-11-21 00:00:00+05:30,366.6995,367.4453,363.5178,365.1584,687037,GRANULES,,
2023-11-22 00:00:00+05:30,365.9042,370.3288,358.0491,361.1315,1757764,GRANULES,,
2023-11-23 00:00:00+05:30,362.6727,369.3842,358.8446,367.9922,1281712,GRANULES,,
2023-11-24 00:00:00+05:30,369.8813,387.7291,368.9865,384.9948,7834685,GRANULES,,
2023-11-28 00:00:00+05:30,386.2874,386.2874,373.3614,375.7975,3072295,GRANULES,,
2023-11-29 00:00:00+05:30,377.8855,385.7902,377.6369,384.9451,2926150,GRANULES,,
2023-11-30 00:00:00+05:30,385.2931,401.6991,385.2931,397.2744,6996856,GRANULES,,
2023-12-01 00:00:00+05:30,401.6991,402.594,389.2703,390.6126,1694425,GRANULES,,
2023-12-04 00:00:00+05:30,396.827,396.9761,388.1765,389.2703,1564970,GRANULES,,
2023-12-05 00:00:00+05:30,387.7788,392.9989,381.6141,386.884,1816714,GRANULES,,
2023-12-06 00:00:00+05:30,387.8285,392.7504,383.6525,390.016,1427287,GRANULES,,
2023-12-07 00:00:00+05:30,390.712,397.523,386.0388,392.8498,1145100,GRANULES,,
2023-12-08 00:00:00+05:30,395.2361,397.2744,382.3102,386.2377,801967,GRANULES,,
2023-12-11 00:00:00+05:30,385.7902,385.7902,381.2662,383.1553,661312,GRANULES,,
2023-12-12 00:00:00+05:30,384.7959,391.1098,382.5587,386.1382,1265610,GRANULES,,
2023-12-13 00:00:00+05:30,388.0771,389.1212,380.3713,382.6085,885312,GRANULES,,
2023-12-14 00:00:00+05:30,384.7959,387.7789,381.7633,384.3982,704503,GRANULES,,
2023-12-15 00:00:00+05:30,384.7959,393.2972,384.7959,386.4862,953670,GRANULES,,
2023-12-18 00:00:00+05:30,387.6794,403.1906,380.5204,400.0088,4433684,GRANULES,,
2023-12-19 00:00:00+05:30,402.0471,404.1849,396.131,397.9705,1791250,GRANULES,,
2023-12-20 00:00:00+05:30,400.6551,407.6649,366.4013,374.0574,3353174,GRANULES,,
2023-12-21 00:00:00+05:30,371.87,383.3542,363.3687,381.117,1443265,GRANULES,,
2023-12-22 00:00:00+05:30,384.7959,391.7561,380.6198,383.6028,1478727,GRANULES,,
2023-12-26 00:00:00+05:30,384.7959,396.7276,384.3485,394.391,1783552,GRANULES,,
2023-12-27 00:00:00+05:30,395.2361,398.3185,391.2589,395.1864,1130037,GRANULES,,
2023-12-28 00:00:00+05:30,395.7333,397.0259,390.8612,392.7504,1440484,GRANULES,,
2023-12-29 00:00:00+05:30,393.7446,404.682,391.9549,403.1408,1802647,GRANULES,,
2024-01-01 00:00:00+05:30,404.682,415.4702,401.7985,409.4547,3168914,GRANULES,,
2024-01-02 00:00:00+05:30,410.6478,423.5738,408.9575,418.2046,3696477,GRANULES,,
2024-01-03 00:00:00+05:30,421.6846,422.4303,415.7188,417.5583,1510400,GRANULES,,
2024-01-04 00:00:00+05:30,418.9503,419.9446,413.1833,415.0725,795773,GRANULES,,
2024-01-05 00:00:00+05:30,416.6137,418.0554,406.7203,411.2941,878386,GRANULES,,
2024-01-08 00:00:00+05:30,410.5981,411.3439,397.7219,398.567,955733,GRANULES,,
2024-01-09 00:00:00+05:30,400.6551,409.753,400.2077,407.6152,822017,GRANULES,,
2024-01-10 00:00:00+05:30,409.6535,411.7416,398.4676,401.7488,900930,GRANULES,,
2024-01-11 00:00:00+05:30,402.6934,409.6535,402.6934,408.5101,587575,GRANULES,,
2024-01-12 00:00:00+05:30,412.6365,414.0285,405.9249,407.4164,679432,GRANULES,,
2024-01-15 00:00:00+05:30,407.6649,429.5396,405.7757,427.1533,4021792,GRANULES,,
2024-01-16 00:00:00+05:30,428.943,432.9202,418.8508,425.5127,2611174,GRANULES,,
2024-01-17 00:00:00+05:30,424.5681,424.5681,416.8623,418.2543,1302545,GRANULES,,
2024-01-18 00:00:00+05:30,417.608,422.4304,407.7146,419.5966,1097196,GRANULES,,
2024-01-19 00:00:00+05:30,422.5795,426.7058,417.8068,419.7954,928727,GRANULES,,
2024-01-23 00:00:00+05:30,419.5966,427.3025,406.2232,409.5541,3419052,GRANULES,,
2024-01-24 00:00:00+05:30,409.8524,418.3537,404.682,414.6251,1426986,GRANULES,,
2024-01-25 00:00:00+05:30,416.3651,423.5738,406.6706,411.841,1265740,GRANULES,,
2024-01-29 00:00:00+05:30,416.6137,416.6137,405.6763,407.8141,883016,GRANULES,,
2024-01-30 00:00:00+05:30,409.6535,414.4759,405.726,406.6706,684701,GRANULES,,
2024-01-31 00:00:00+05:30,406.6706,416.3154,406.3226,413.3325,834159,GRANULES,,
2024-02-01 00:00:00+05:30,412.7359,413.6308,404.2843,409.8524,1064926,GRANULES,,
2024-02-02 00:00:00+05:30,411.9902,421.4858,411.5924,417.608,1086875,GRANULES,,
2024-02-05 00:00:00+05:30,421.088,431.3294,417.608,425.0652,1975991,GRANULES,,
2024-02-06 00:00:00+05:30,428.3962,429.2413,420.044,425.811,989716,GRANULES,,
2024-02-07 00:00:00+05:30,427.7996,438.8861,425.5624,432.8705,3367593,GRANULES,,
2024-02-08 00:00:00+05:30,434.5112,436.6986,423.1761,424.7173,1083507,GRANULES,,
2024-02-09 00:00:00+05:30,426.5567,427.3521,409.5044,416.8125,1075967,GRANULES,,
2024-02-12 00:00:00+05:30,418.4531,427.5013,415.4205,419.7457,1997575,GRANULES,,
2024-02-13 00:00:00+05:30,420.5909,428.247,417.3594,427.0042,992566,GRANULES,,
2024-02-14 00:00:00+05:30,422.5795,430.1362,418.5526,429.3905,809882,GRANULES,,
2024-02-15 00:00:00+05:30,429.3407,435.3563,428.8436,433.4671,1210229,GRANULES,,
2024-02-16 00:00:00+05:30,435.7044,457.1813,434.0637,453.1544,4586805,GRANULES,,
2024-02-19 00:00:00+05:30,457.3802,471.0518,455.8887,462.6003,5706676,GRANULES,,
2024-02-20 00:00:00+05:30,462.7992,469.8587,451.0663,461.1088,2385101,GRANULES,,
2024-02-21 00:00:00+05:30,458.6728,468.3175,452.0109,454.7453,2142273,GRANULES,,
2024-02-22 00:00:00+05:30,458.7722,460.4625,449.6246,456.883,1363008,GRANULES,,
2024-02-23 00:00:00+05:30,456.6841,468.3175,454.9441,463.9923,2482056,GRANULES,,
2024-02-26 00:00:00+05:30,465.2849,477.7137,462.4511,467.3232,2482051,GRANULES,,
2024-02-27 00:00:00+05:30,466.3289,472.2947,462.2025,465.434,1241617,GRANULES,,
2024-02-28 00:00:00+05:30,466.13,467.1741,454.8944,457.3802,827171,GRANULES,,
2024-02-29 00:00:00+05:30,454.3972,467.1243,450.6189,462.3517,1355528,GRANULES,,
2024-03-01 00:00:00+05:30,462.3517,464.3403,458.6728,460.8105,1120987,GRANULES,,
2024-03-04 00:00:00+05:30,463.7934,472.1456,462.4014,464.3403,1084863,GRANULES,,
2024-03-05 00:00:00+05:30,464.3403,468.1684,461.3574,464.4894,1397933,GRANULES,,
2024-03-06 00:00:00+05:30,465.3346,467.0746,442.7142,455.839,1210301,GRANULES,,
2024-03-07 00:00:00+05:30,453.4526,459.2196,453.4526,455.3915,584444,GRANULES,,
2024-03-11 00:00:00+05:30,455.3916,457.1316,436.9472,438.2895,896285,GRANULES,,
2024-03-12 00:00:00+05:30,440.129,444.8519,423.4744,426.4076,1413341,GRANULES,,
2024-03-13 00:00:00+05:30,426.5567,431.5282,404.7814,409.8027,1574571,GRANULES,,
2024-03-14 00:00:00+05:30,409.8027,421.3366,406.9689,419.7954,791032,GRANULES,,
2024-03-15 00:00:00+05:30,421.8835,422.4304,408.0626,416.564,716418,GRANULES,,
2024-03-18 00:00:00+05:30,417.608,419.5966,410.8964,417.1108,540339,GRANULES,,
2024-03-19 00:00:00+05:30,415.9176,416.8622,408.4106,411.6918,469034,GRANULES,,
2024-03-20 00:00:00+05:30,409.6535,412.2387,402.942,410.9958,571108,GRANULES,,
2024-03-21 00:00:00+05:30,418.6023,427.3025,415.6194,425.1647,668383,GRANULES,,
2024-03-22 00:00:00+05:30,427.1533,432.7711,422.1321,428.2968,526689,GRANULES,,
2024-03-26 00:00:00+05:30,428.2967,434.8094,425.2144,431.1305,601014,GRANULES,,
2024-03-27 00:00:00+05:30,433.5168,435.7043,426.6064,427.6007,525389,GRANULES,,
2024-03-28 00:00:00+05:30,427.551,431.8265,423.3749,427.7001,601311,GRANULES,,
2024-04-01 00:00:00+05:30,429.3905,438.4387,429.3905,435.4557,551174,GRANULES,,
2024-04-02 00:00:00+05:30,436.4997,444.1559,433.1688,443.0622,777267,GRANULES,,
2024-04-03 00:00:00+05:30,446.4428,451.9115,439.7312,450.9669,1818823,GRANULES,,
2024-04-04 00:00:00+05:30,453.8504,453.8504,438.8364,442.0181,906888,GRANULES,,
2024-04-05 00:00:00+05:30,440.5764,450.8178,439.5821,449.9229,1063882,GRANULES,,
2024-04-08 00:00:00+05:30,443.0125,449.5749,435.6049,436.5992,1309625,GRANULES,,
2024-04-09 00:00:00+05:30,437.9912,438.7867,420.5909,422.8281,905294,GRANULES,,
2024-04-10 00:00:00+05:30,423.3749,429.7882,420.7898,424.3692,924249,GRANULES,,
2024-04-12 00:00:00+05:30,425.5624,433.5169,418.304,419.4474,876280,GRANULES,,
2024-04-15 00:00:00+05:30,413.6308,419.4474,406.074,407.1181,1451266,GRANULES,,
2024-04-16 00:00:00+05:30,405.6763,417.1108,402.246,413.3822,856060,GRANULES,,
2024-04-18 00:00:00+05:30,416.0668,422.0326,409.8524,412.2884,732357,GRANULES,,
2024-04-19 00:00:00+05:30,408.6592,411.1947,402.0968,409.0072,588576,GRANULES,,
2024-04-22 00:00:00+05:30,407.9632,415.3708,407.9632,411.9901,435404,GRANULES,,
2024-04-23 00:00:00+05:30,415.4702,417.1108,411.1947,412.1393,294332,GRANULES,,
2024-04-24 00:00:00+05:30,412.2884,420.0937,411.2444,415.7188,568508,GRANULES,,
2024-04-25 00:00:00+05:30,415.7188,417.3097,409.1564,415.5697,614819,GRANULES,,
2024-04-26 00:00:00+05:30,415.6194,425.6121,411.7416,421.6349,1033295,GRANULES,,
2024-04-29 00:00:00+05:30,424.1704,425.2144,416.2657,418.1051,635812,GRANULES,,
2024-04-30 00:00:00+05:30,418.6023,426.1093,418.1051,420.8892,738327,GRANULES,,
2024-05-02 00:00:00+05:30,420.8892,424.2698,415.868,422.2315,657586,GRANULES,,
2024-05-03 00:00:00+05:30,425.5127,425.5624,419.1989,420.9389,500380,GRANULES,,
2024-05-06 00:00:00+05:30,420.4417,423.5738,414.625,420.0937,430486,GRANULES,,
2024-05-07 00:00:00+05:30,419.5966,420.392,404.4832,406.3226,774652,GRANULES,,
2024-05-08 00:00:00+05:30,405.6763,411.5427,393.7944,408.5101,1248912,GRANULES,,
2024-05-09 00:00:00+05:30,408.5101,410.449,388.9223,389.8669,1022810,GRANULES,,
2024-05-10 00:00:00+05:30,389.8669,400.5556,389.8669,395.783,748325,GRANULES,,
2024-05-13 00:00:00+05:30,397.7219,404.9803,392.4521,402.8923,629286,GRANULES,,
2024-05-14 00:00:00+05:30,403.3397,404.9306,395.1367,397.4733,685147,GRANULES,,
2024-05-15 00:00:00+05:30,400.1579,407.5655,387.1325,394.5401,4002753,GRANULES,,
2024-05-16 00:00:00+05:30,395.7333,400.7048,390.7618,397.6722,1272958,GRANULES,,
2024-05-17 00:00:00+05:30,400.5059,407.8638,397.4236,399.6608,1190308,GRANULES,,
2024-05-21 00:00:00+05:30,405.6266,408.1621,399.7105,406.7701,701627,GRANULES,,
2024-05-22 00:00:00+05:30,417.7571,426.4076,413.5313,424.3692,4076155,GRANULES,,
2024-05-23 00:00:00+05:30,427.551,433.0197,423.5738,427.0042,2187432,GRANULES,,
2024-05-24 00:00:00+05:30,425.5624,429.4899,421.5355,426.2584,842919,GRANULES,,
2024-05-27 00:00:00+05:30,425.5624,438.8364,422.9772,436.1518,2269262,GRANULES,,
2024-05-28 00:00:00+05:30,438.4884,442.9627,429.1916,432.0254,1187062,GRANULES,,
2024-05-29 00:00:00+05:30,428.0482,431.3294,426.5567,427.5013,529927,GRANULES,,
2024-05-30 00:00:00+05:30,422.7784,430.534,418.2046,422.3806,1383130,GRANULES,,
2024-05-31 00:00:00+05:30,421.088,426.5567,413.6308,416.1165,2191182,GRANULES,,
2024-06-03 00:00:00+05:30,421.8338,441.2227,418.0554,438.5878,2268069,GRANULES,,
2024-06-04 00:00:00+05:30,438.5878,439.4827,398.9648,409.6535,2144276,GRANULES,,
2024-06-05 00:00:00+05:30,417.5583,439.9799,409.1067,438.1404,2078613,GRANULES,,
2024-06-06 00:00:00+05:30,441.3718,468.7152,437.5935,465.6329,4566354,GRANULES,,
2024-06-07 00:00:00+05:30,467.1243,480.7463,462.6003,476.0731,2898359,GRANULES,,
2024-06-10 00:00:00+05:30,480.2492,483.1824,466.6272,470.6541,1937338,GRANULES,,
2024-06-11 00:00:00+05:30,471.3004,481.2932,466.3786,471.6982,1371334,GRANULES,,
2024-06-12 00:00:00+05:30,471.6981,474.0845,468.0689,469.4113,690042,GRANULES,,
2024-06-13 00:00:00+05:30,469.5107,474.0845,457.8276,459.8162,891393,GRANULES,,
2024-06-14 00:00:00+05:30,461.1585,464.1414,457.5293,459.1202,559738,GRANULES,,
2024-06-18 00:00:00+05:30,458.3745,474.2833,452.6075,471.3004,1366206,GRANULES,,
2024-06-19 00:00:00+05:30,477.2662,477.2662,463.0477,466.2295,1010043,GRANULES,,
2024-06-20 00:00:00+05:30,467.8204,472.2947,462.9483,469.6101,691850,GRANULES,,
2024-06-21 00:00:00+05:30,470.3061,495.9095,469.6101,487.8556,8523397,GRANULES,,
2024-06-24 00:00:00+05:30,489.1979,495.0146,478.5092,484.823,4129825,GRANULES,,
2024-06-25 00:00:00+05:30,488.1539,494.9649,483.431,485.0218,2179203,GRANULES,,
2024-06-26 00:00:00+05:30,487.7562,503.8142,485.1213,499.3398,5134234,GRANULES,,
2024-06-27 00:00:00+05:30,499.3398,501.2787,491.2362,495.81,2719688,GRANULES,,
2024-06-28 00:00:00+05:30,497.1524,504.4605,488.8996,489.9933,2014425,GRANULES,,
2024-07-01 00:00:00+05:30,489.9934,495.5615,488.9493,491.8328,999183,GRANULES,,
2024-07-02 00:00:00+05:30,491.9819,498.6438,481.7903,488.4025,1444277,GRANULES,,
2024-07-03 00:00:00+05:30,489.1979,507.5925,488.4025,497.3512,3198966,GRANULES,,
2024-07-04 00:00:00+05:30,498.0472,514.0555,492.5288,511.4704,3017754,GRANULES,,
2024-07-05 00:00:00+05:30,515.9944,527.6278,508.6366,523.0043,3974182,GRANULES,,
2024-07-08 00:00:00+05:30,523.0042,525.6889,514.0555,515.6464,1030872,GRANULES,,
2024-07-09 00:00:00+05:30,518.4802,522.9048,510.3269,518.4802,2033756,GRANULES,,
2024-07-10 00:00:00+05:30,520.9659,520.9659,501.3284,515.3481,775030,GRANULES,,
2024-07-11 00:00:00+05:30,515.0498,517.4859,510.8737,511.7686,397213,GRANULES,,
2024-07-12 00:00:00+05:30,511.7687,515.547,504.4108,511.4206,1044987,GRANULES,,
2024-07-15 00:00:00+05:30,511.9675,522.358,510.4263,517.1876,950070,GRANULES,,
2024-07-16 00:00:00+05:30,518.8282,520.0214,514.2544,517.8836,475628,GRANULES,,
2024-07-18 00:00:00+05:30,517.1876,520.5185,506.9959,516.0441,1350335,GRANULES,,
2024-07-19 00:00:00+05:30,514.0556,514.851,497.7987,500.1353,961924,GRANULES,,
2024-07-22 00:00:00+05:30,497.1523,517.1876,492.1808,514.851,913912,GRANULES,,
2024-07-23 00:00:00+05:30,514.851,527.1307,492.2305,523.75,1754269,GRANULES,,
2024-07-24 00:00:00+05:30,524.9929,539.9075,521.0654,534.8862,1879181,GRANULES,,
2024-07-25 00:00:00+05:30,533.9914,550.2483,527.6775,547.7625,3662401,GRANULES,,
2024-07-26 00:00:00+05:30,545.3264,563.4228,543.9344,559.8929,1267288,GRANULES,,
2024-07-29 00:00:00+05:30,559.893,568.6926,557.1586,561.633,1065244,GRANULES,,
2024-07-30 00:00:00+05:30,563.1284,590.9434,556.1497,587.155,4960705,GRANULES,,
2024-07-31 00:00:00+05:30,594.1835,630.7717,588.451,628.1796,14177919,GRANULES,,
2024-08-01 00:00:00+05:30,629.0768,632.7656,623.0453,629.5753,2615700,GRANULES,,
2024-08-02 00:00:00+05:30,624.3413,647.9193,620.2039,644.1308,4020175,GRANULES,,
2024-08-05 00:00:00+05:30,632.1175,646.5235,624.5905,639.7442,3299495,GRANULES,,
2024-08-06 00:00:00+05:30,643.0342,656.2438,640.2427,647.022,2321479,GRANULES,,
2024-08-07 00:00:00+05:30,653.6018,661.9762,649.1155,654.7982,2102759,GRANULES,,
2024-08-08 00:00:00+05:30,653.0535,659.9325,639.6445,650.8602,2609639,GRANULES,,
2024-08-09 00:00:00+05:30,655.7951,663.9203,649.8134,656.7422,1608266,GRANULES,,
2024-08-12 00:00:00+05:30,657.4899,695.424,656.7422,686.9997,2705886,GRANULES,,
2024-08-13 00:00:00+05:30,686.8502,687.7973,670.1513,674.3883,1226435,GRANULES,,
2024-08-14 00:00:00+05:30,676.9305,676.9305,663.1726,667.2601,894564,GRANULES,,
2024-08-16 00:00:00+05:30,670.9986,675.7342,657.0911,660.3312,961779,GRANULES,,
2024-08-19 00:00:00+05:30,657.9885,666.6121,656.2438,661.5775,888814,GRANULES,,
2024-08-20 00:00:00+05:30,665.4157,676.9305,663.7707,673.3914,855529,GRANULES,,
2024-08-21 00:00:00+05:30,675.6345,695.8726,670.1513,692.483,1777034,GRANULES,,
2024-08-22 00:00:00+05:30,691.6854,691.6854,680.9682,683.1116,1497113,GRANULES,,
2024-08-23 00:00:00+05:30,684.308,685.1554,675.6345,681.5664,658763,GRANULES,,
2024-08-26 00:00:00+05:30,687.9967,691.8848,679.2235,681.1676,1245223,GRANULES,,
2024-08-27 00:00:00+05:30,682.9122,683.1615,660.9793,672.0953,3167568,GRANULES,,
2024-08-28 00:00:00+05:30,671.8959,709.8299,670.9488,704.2969,6017912,GRANULES,,
2024-08-29 00:00:00+05:30,708.833,712.0233,697.069,701.7048,3603515,GRANULES,,
2024-08-30 00:00:00+05:30,708.5339,718.8025,703.0008,715.9113,3032673,GRANULES,,
2024-09-02 00:00:00+05:30,717.7059,717.7059,677.9773,681.7657,2263681,GRANULES,,
2024-09-03 00:00:00+05:30,685.7535,691.0374,677.2296,682.6132,1392694,GRANULES,,
2024-09-04 00:00:00+05:30,679.1238,705.6926,679.0241,701.6549,1916293,GRANULES,,
2024-09-05 00:00:00+05:30,705.7923,714.4658,692.8818,696.072,1842069,GRANULES,,
2024-09-06 00:00:00+05:30,700.957,705.892,682.2642,686.0027,2296453,GRANULES,,
2024-09-09 00:00:00+05:30,671.4971,677.8776,654.0006,664.8175,7424632,GRANULES,,
2024-09-10 00:00:00+05:30,667.7585,694.5267,666.1634,692.0344,2689534,GRANULES,,
2024-09-11 00:00:00+05:30,692.0344,696.5705,671.4473,674.6376,1601512,GRANULES,,
2024-09-12 00:00:00+05:30,676.5816,687.897,560.3868,563.1783,38140474,GRANULES,,
2024-09-13 00:00:00+05:30,563.278,578.2323,539.4508,553.3085,25678071,GRANULES,,
2024-09-16 00:00:00+05:30,553.3084,558.8913,544.6349,548.224,3658239,GRANULES,,
2024-09-17 00:00:00+05:30,547.3267,554.0562,540.049,542.5414,3128544,GRANULES,,
2024-09-18 00:00:00+05:30,543.3389,547.1274,535.8618,545.7815,2503561,GRANULES,,
2024-09-19 00:00:00+05:30,548.7723,553.2586,535.8618,540.7967,2378832,GRANULES,,
2024-09-20 00:00:00+05:30,542.342,551.1152,529.5312,538.2545,1836678,GRANULES,,
2024-09-23 00:00:00+05:30,540.3979,560.2871,535.6624,558.4926,4401317,GRANULES,,
2024-09-24 00:00:00+05:30,563.278,571.5527,559.0908,561.3837,3687431,GRANULES,,
2024-09-25 00:00:00+05:30,562.3807,565.9697,545.6319,554.2556,2816064,GRANULES,,
2024-09-26 00:00:00+05:30,556.2993,562.9789,532.4721,542.0429,10670871,GRANULES,,
2024-09-27 00:00:00+05:30,544.5353,562.281,544.5353,554.4051,9899590,GRANULES,,
2024-09-30 00:00:00+05:30,553.8568,563.0287,545.6817,556.8975,4010208,GRANULES,,
2024-10-01 00:00:00+05:30,555.8008,580.3757,552.7103,577.3849,7050057,GRANULES,,
2024-10-03 00:00:00+05:30,574.2445,605.6485,560.5364,593.6352,11338996,GRANULES,,
2024-10-04 00:00:00+05:30,593.1865,597.1743,558.2932,568.0135,5724290,GRANULES,,
2024-10-07 00:00:00+05:30,569.2099,572.101,536.3104,546.4794,2720056,GRANULES,,
2024-10-08 00:00:00+05:30,550.2678,561.3339,541.345,554.8039,2001853,GRANULES,,
2024-10-09 00:00:00+05:30,555.9005,573.1976,553.5577,571.9016,1766041,GRANULES,,
2024-10-10 00:00:00+05:30,574.5933,587.2048,561.5831,576.6371,3131003,GRANULES,,
2024-10-11 00:00:00+05:30,579.4286,605.5488,573.2973,602.0095,5276749,GRANULES,,
2024-10-14 00:00:00+05:30,603.2557,612.029,590.6942,606.9445,3454539,GRANULES,,
2024-10-15 00:00:00+05:30,606.6952,609.6861,593.2364,597.8224,1589727,GRANULES,,
2024-10-16 00:00:00+05:30,598.0716,609.088,595.33,607.1937,1438951,GRANULES,,
2024-10-17 00:00:00+05:30,609.088,609.8855,589.1987,592.6382,1362501,GRANULES,,
2024-10-18 00:00:00+05:30,586.2079,600.1154,575.5903,595.4297,1710223,GRANULES,,
2024-10-21 00:00:00+05:30,594.2832,610.4836,585.7094,588.9993,1336685,GRANULES,,
2024-10-22 00:00:00+05:30,590.2455,597.5233,549.5201,554.0063,2250903,GRANULES,,
2024-10-23 00:00:00+05:30,558.1935,576.0389,544.3359,563.9758,3318453,GRANULES,,
2024-10-24 00:00:00+05:30,566.0196,569.6585,550.0684,555.3024,1152690,GRANULES,,
2024-10-25 00:00:00+05:30,558.2932,558.9911,529.6309,537.9554,2072052,GRANULES,,
2024-10-28 00:00:00+05:30,541.345,554.6543,533.4691,551.165,1363935,GRANULES,,
2024-10-29 00:00:00+05:30,552.9595,563.7764,536.2107,554.9534,2447924,GRANULES,,
2024-10-30 00:00:00+05:30,559.2404,563.1783,548.5729,553.1091,848271,GRANULES,,
2024-10-31 00:00:00+05:30,550.3176,570.2567,550.3176,567.864,1743885,GRANULES,,
2024-11-01 00:00:00+05:30,569.2099,572.2506,566.3685,568.4622,197109,GRANULES,,
2024-11-04 00:00:00+05:30,568.4621,570.2566,546.1802,548.2739,1199451,GRANULES,,
2024-11-05 00:00:00+05:30,547.8252,552.5607,537.2575,548.7225,1096987,GRANULES,,
2024-11-06 00:00:00+05:30,551.3146,585.1113,545.5323,574.6931,6689253,GRANULES,,
2024-11-07 00:00:00+05:30,577.2353,590.2954,563.926,570.3563,6057257,GRANULES,,
2024-11-08 00:00:00+05:30,570.4062,588.7003,561.2841,582.7186,3534450,GRANULES,,
2024-11-11 00:00:00+05:30,578.2323,587.9027,568.4621,570.5557,1283756,GRANULES,,
2024-11-12 00:00:00+05:30,570.8548,579.5283,556.2993,560.4367,1401163,GRANULES,,
2024-11-13 00:00:00+05:30,558.2932,558.2932,528.4843,530.7773,1750943,GRANULES,,
2024-11-14 00:00:00+05:30,534.4162,543.7377,525.1944,532.2728,1097209,GRANULES,,
2024-11-18 00:00:00+05:30,531.3755,542.342,521.0571,527.4874,1787942,GRANULES,,
2024-11-19 00:00:00+05:30,528.4345,554.3054,528.4345,550.9656,3282793,GRANULES,,
2024-11-21 00:00:00+05:30,540.4977,559.8385,538.3542,543.1894,1336958,GRANULES,,
2024-11-22 00:00:00+05:30,543.2891,563.1783,542.8903,557.7947,1035781,GRANULES,,
2024-11-25 00:00:00+05:30,565.1722,576.2384,558.2932,573.2974,3204477,GRANULES,,
2024-11-26 00:00:00+05:30,574.2444,597.8722,572.8487,593.4856,2910219,GRANULES,,
2024-11-27 00:00:00+05:30,591.0431,595.1804,570.6055,581.1733,5935244,GRANULES,,
2024-11-28 00:00:00+05:30,581.1733,586.0085,571.7521,581.8712,2170091,GRANULES,,
2024-11-29 00:00:00+05:30,584.1642,590.6443,577.1357,582.5192,1750310,GRANULES,,
2024-12-02 00:00:00+05:30,578.3319,596.1774,578.3319,593.2364,2138758,GRANULES,,
2024-12-03 00:00:00+05:30,594.9811,626.086,527.0388,532.522,19646137,GRANULES,,
2024-12-04 00:00:00+05:30,534.4661,543.7876,525.344,541.3949,6978607,GRANULES,,
2024-12-05 00:00:00+05:30,545.3827,572.8487,538.3542,565.222,8070927,GRANULES,,
2024-12-06 00:00:00+05:30,563.278,577.0359,559.5394,573.8956,3955187,GRANULES,,
2024-12-09 00:00:00+05:30,572.3004,581.2231,567.515,578.3319,1631498,GRANULES,,
2024-12-10 00:00:00+05:30,578.1825,582.9678,573.3472,581.0237,1223848,GRANULES,,
2024-12-11 00:00:00+05:30,580.8243,588.8997,578.2323,583.5161,2109629,GRANULES,,
2024-12-12 00:00:00+05:30,583.217,590.6443,578.3818,587.5039,1915620,GRANULES,,
2024-12-13 00:00:00+05:30,586.7562,589.0492,555.2027,583.0176,4239283,GRANULES,,
2024-12-16 00:00:00+05:30,582.1204,585.51,579.0298,582.3198,625753,GRANULES,,
2024-12-17 00:00:00+05:30,580.4256,589.9963,574.6931,587.9526,2188506,GRANULES,,
2024-12-18 00:00:00+05:30,588.7002,596.6758,583.9647,594.981,1849703,GRANULES,,
2024-12-19 00:00:00+05:30,588.2018,599.7166,580.5252,598.2211,2484631,GRANULES,,
2024-12-20 00:00:00+05:30,600.6637,610.6332,588.2018,590.5945,3942427,GRANULES,,
2024-12-23 00:00:00+05:30,592.0899,596.1774,578.8304,584.9119,1205679,GRANULES,,
2024-12-24 00:00:00+05:30,584.5629,606.0473,583.3167,595.0309,3037182,GRANULES,,
2024-12-26 00:00:00+05:30,594.682,594.9811,581.4724,591.1428,3916555,GRANULES,,
2024-12-27 00:00:00+05:30,588.2018,593.5853,580.2262,584.0644,1072518,GRANULES,,
2024-12-30 00:00:00+05:30,586.2079,589.5477,574.9922,581.921,907832,GRANULES,,
2024-12-31 00:00:00+05:30,580.5252,592.6382,577.2353,590.4948,553085,GRANULES,,
2025-01-01 00:00:00+05:30,587.2049,597.9719,586.0583,595.5793,622617,GRANULES,,
2025-01-02 00:00:00+05:30,597.1743,608.0411,593.7847,606.7451,1987419,GRANULES,,
2025-01-03 00:00:00+05:30,611.1317,611.2314,597.4236,603.3555,763713,GRANULES,,
2025-01-06 00:00:00+05:30,603.3555,617.562,603.3555,606.0472,2628570,GRANULES,,
2025-01-07 00:00:00+05:30,608.1408,619.207,607.6922,614.2222,1201813,GRANULES,,
2025-01-08 00:00:00+05:30,617.1134,617.8113,598.919,606.5457,808605,GRANULES,,
2025-01-09 00:00:00+05:30,608.0412,614.8703,602.6078,604.153,707847,GRANULES,,
2025-01-10 00:00:00+05:30,604.153,607.4429,583.8152,591.7908,1009605,GRANULES,,
2025-01-13 00:00:00+05:30,582.2201,594.5324,563.0786,566.2689,1340468,GRANULES,,
2025-01-14 00:00:00+05:30,567.9637,590.9932,567.0664,581.9708,2927415,GRANULES,,
2025-01-15 00:00:00+05:30,584.0644,586.158,564.2749,571.453,1586138,GRANULES,,
2025-01-16 00:00:00+05:30,578.2323,580.8742,570.2567,577.684,1160398,GRANULES,,
2025-01-17 00:00:00+05:30,577.6839,585.7592,571.9016,577.4347,621515,GRANULES,,
2025-01-20 00:00:00+05:30,578.2323,597.3738,571.104,595.9282,1470276,GRANULES,,
2025-01-21 00:00:00+05:30,598.0217,602.857,585.9088,587.5039,1124246,GRANULES,,
2025-01-22 00:00:00+05:30,586.4073,590.9434,573.098,588.451,867802,GRANULES,,
2025-01-23 00:00:00+05:30,588.2018,600.4643,585.1611,597.7725,595517,GRANULES,,
2025-01-24 00:00:00+05:30,597.1744,599.1683,571.4032,580.2262,2564411,GRANULES,,
2025-01-27 00:00:00+05:30,576.2384,577.2353,533.7682,542.9401,2231914,GRANULES,,
2025-01-28 00:00:00+05:30,547.8252,549.7194,500.7192,514.8261,3290245,GRANULES,,
2025-01-29 00:00:00+05:30,515.8231,534.6654,515.8231,533.17,1456353,GRANULES,,
2025-01-30 00:00:00+05:30,541.046,565.2719,538.2545,562.7297,3472172,GRANULES,,
2025-01-31 00:00:00+05:30,555.3522,565.9199,549.3705,554.6543,929277,GRANULES,,
2025-02-01 00:00:00+05:30,554.0063,568.2627,539.7997,563.3776,689906,GRANULES,,
2025-02-03 00:00:00+05:30,553.2088,563.6269,550.4671,554.754,829459,GRANULES,,
2025-02-04 00:00:00+05:30,561.2343,571.7521,558.2932,569.16,1042023,GRANULES,,
2025-02-05 00:00:00+05:30,570.157,583.7155,566.867,580.9241,594958,GRANULES,,
2025-02-06 00:00:00+05:30,580.8243,597.3737,572.5496,577.1356,1262252,GRANULES,,
2025-02-07 00:00:00+05:30,575.3411,587.2049,568.1631,581.1235,502826,GRANULES,,
2025-02-10 00:00:00+05:30,578.7307,583.0674,561.1844,567.3156,374861,GRANULES,,
2025-02-11 00:00:00+05:30,566.9169,567.1162,544.1365,550.517,512650,GRANULES,,
2025-02-12 00:00:00+05:30,550.3176,550.3176,526.9391,536.46,1204784,GRANULES,,
2025-02-13 00:00:00+05:30,536.4599,558.9412,536.3602,540.5973,911147,GRANULES,,
2025-02-14 00:00:00+05:30,539.3511,545.1334,503.8596,511.2869,1507523,GRANULES,,
2025-02-17 00:00:00+05:30,508.4456,528.7336,499.7721,520.6583,1150081,GRANULES,,
2025-02-18 00:00:00+05:30,520.6583,521.6552,500.9186,517.1689,1179939,GRANULES,,
2025-02-19 00:00:00+05:30,513.4304,535.3633,504.3083,529.8303,989615,GRANULES,,
2025-02-20 00:00:00+05:30,527.0388,530.3785,514.1282,525.4436,829746,GRANULES,,
2025-02-21 00:00:00+05:30,522.5026,528.4345,503.5107,507.0,1026380,GRANULES,,
2025-02-24 00:00:00+05:30,506.9003,520.409,499.473,514.8261,1348744,GRANULES,,
2025-02-25 00:00:00+05:30,514.3277,521.5057,506.5016,513.1812,805990,GRANULES,,
2025-02-27 00:00:00+05:30,514.1781,514.9258,500.1709,505.4049,870522,GRANULES,,
2025-02-28 00:00:00+05:30,487.9583,493.2421,454.8594,460.3925,4892837,GRANULES,,
2025-03-03 00:00:00+05:30,458.598,473.6021,452.1178,471.4088,1522409,GRANULES,,
2025-03-04 00:00:00+05:30,470.5116,479.534,460.4922,470.1627,1491619,GRANULES,,
2025-03-05 00:00:00+05:30,463.5828,484.5187,453.364,482.2258,4585390,GRANULES,,
2025-03-06 00:00:00+05:30,485.3662,498.4761,485.3662,492.4944,2265289,GRANULES,,
2025-03-07 00:00:00+05:30,489.5035,497.2299,483.0233,491.647,820488,GRANULES,,
2025-03-10 00:00:00+05:30,490.2512,495.4852,474.0508,477.1912,1242873,GRANULES,,
2025-03-11 00:00:00+05:30,454.6102,481.7771,454.6102,477.241,1234469,GRANULES,,
2025-03-12 00:00:00+05:30,478.5869,481.5279,467.0721,474.5492,625118,GRANULES,,
2025-03-13 00:00:00+05:30,478.5371,478.5371,468.5675,469.2155,393210,GRANULES,,
2025-03-17 00:00:00+05:30,473.4526,488.9552,468.6672,487.1108,1064451,GRANULES,,
2025-03-18 00:00:00+05:30,487.1108,487.1108,487.1108,487.1108,0,GRANULES,,
2025-03-19 00:00:00+05:30,497.9776,499.473,488.0081,494.7375,1047128,GRANULES,,
2025-03-20 00:00:00+05:30,497.18,506.4517,492.4944,498.825,905971,GRANULES,,
2025-03-21 00:00:00+05:30,500.47,508.3459,495.6348,505.9034,888457,GRANULES,,
2025-03-24 00:00:00+05:30,508.4954,515.8729,501.7162,509.8912,776902,GRANULES,,
2025-03-25 00:00:00+05:30,513.3805,513.3805,498.4761,503.5605,1297755,GRANULES,,
2025-03-26 00:00:00+05:30,503.5605,506.3022,489.3041,490.9491,751894,GRANULES,,
2025-03-27 00:00:00+05:30,490.5005,492.295,474.0508,488.9053,2038285,GRANULES,,
2025-03-28 00:00:00+05:30,489.0051,498.9247,481.0793,484.8677,463886,GRANULES,,
2025-04-01 00:00:00+05:30,486.5127,494.8372,478.3875,481.2787,361649,GRANULES,,
2025-04-02 00:00:00+05:30,486.5127,486.5127,470.0131,481.6774,1123161,GRANULES,,
2025-04-03 00:00:00+05:30,490.5005,500.9685,484.0701,489.7029,1461125,GRANULES,,
2025-04-04 00:00:00+05:30,492.5941,492.5941,452.6163,455.3579,1704721,GRANULES,,
2025-04-07 00:00:00+05:30,439.5562,441.7993,425.5989,435.5684,764571,GRANULES,,
2025-04-08 00:00:00+05:30,445.6376,450.6224,426.7454,442.9957,1336952,GRANULES,,
2025-04-09 00:00:00+05:30,434.6712,439.8055,420.7138,429.7861,1056522,GRANULES,,
2025-04-11 00:00:00+05:30,440.8523,454.0619,440.8523,449.9245,3129863,GRANULES,,
2025-04-15 00:00:00+05:30,456.5044,463.5828,451.6193,462.9846,511544,GRANULES,,
2025-04-16 00:00:00+05:30,463.5828,464.3803,454.3111,461.6387,687132,GRANULES,,
2025-04-17 00:00:00+05:30,460.5919,469.4648,455.7567,466.0751,1134381,GRANULES,,
2025-04-21 00:00:00+05:30,472.5553,482.3753,466.8727,478.7365,1207674,GRANULES,,
2025-04-22 00:00:00+05:30,481.4781,482.6744,472.9541,478.5869,728332,GRANULES,,
2025-04-23 00:00:00+05:30,480.531,487.061,470.2125,483.472,2311748,GRANULES,,
2025-04-24 00:00:00+05:30,482.5248,488.2573,467.5706,473.6021,1362348,GRANULES,,
2025-04-25 00:00:00+05:30,473.4526,477.5401,448.6285,451.1707,1470837,GRANULES,,
2025-04-28 00:00:00+05:30,451.1707,464.5797,451.1208,460.0436,723975,GRANULES,,
2025-04-29 00:00:00+05:30,461.9378,466.125,451.8686,454.2114,1212802,GRANULES,,
2025-04-30 00:00:00+05:30,457.2023,467.2715,450.8218,454.4108,1020918,GRANULES,,
2025-05-02 00:00:00+05:30,454.8096,463.5329,447.7312,451.8187,649817,GRANULES,,
2025-05-05 00:00:00+05:30,454.2114,461.9378,450.8218,460.3427,1135254,GRANULES,,
2025-05-06 00:00:00+05:30,460.5421,460.5421,444.1422,446.7841,739592,GRANULES,,
2025-05-07 00:00:00+05:30,438.659,453.3142,438.659,452.4668,932735,GRANULES,,
2025-05-08 00:00:00+05:30,453.5135,455.3081,436.6651,441.1513,1579106,GRANULES,,
2025-05-09 00:00:00+05:30,430.6833,442.4474,429.3873,439.5562,1886998,GRANULES,,
2025-05-12 00:00:00+05:30,443.6437,460.5919,434.4219,458.7475,3105164,GRANULES,,
2025-05-13 00:00:00+05:30,458.7475,480.4313,457.6509,476.2939,1895461,GRANULES,,
2025-05-14 00:00:00+05:30,473.652,493.1923,470.8605,491.298,1884621,GRANULES,,
2025-05-15 00:00:00+05:30,491.4974,502.5636,485.5656,500.9186,1427960,GRANULES,,
2025-05-16 00:00:00+05:30,502.4639,507.1994,495.4852,504.059,1244379,GRANULES,,
2025-05-19 00:00:00+05:30,503.4609,519.5118,502.4141,510.1404,1080494,GRANULES,,
2025-05-20 00:00:00+05:30,511.1374,516.3714,505.5046,507.6481,478210,GRANULES,,
2025-05-21 00:00:00+05:30,507.8973,521.9044,507.8973,516.3215,1799325,GRANULES,,
2025-05-22 00:00:00+05:30,515.3744,521.0072,509.5422,514.6267,605266,GRANULES,,
2025-05-23 00:00:00+05:30,513.4802,520.11,510.1903,516.3714,470633,GRANULES,,
2025-05-26 00:00:00+05:30,516.8201,525.1446,516.6705,518.4152,729579,GRANULES,,
2025-05-27 00:00:00+05:30,518.5148,530.3786,515.8729,527.1883,1839414,GRANULES,,
2025-05-28 00:00:00+05:30,528.3847,531.3755,516.4711,520.8079,2476469,GRANULES,,
2025-05-29 00:00:00+05:30,522.403,535.3633,522.403,533.6685,1854032,GRANULES,,
2025-05-30 00:00:00+05:30,535.3633,543.0897,520.9075,528.933,1111892,GRANULES,,
2025-06-02 00:00:00+05:30,528.4843,532.0734,522.403,527.5373,465850,GRANULES,,
2025-06-03 00:00:00+05:30,530.1792,530.4783,518.4152,519.9106,655339,GRANULES,,
2025-06-04 00:00:00+05:30,523.8983,527.5871,510.2401,525.7427,574191,GRANULES,,
2025-06-05 00:00:00+05:30,525.3938,538.753,525.2941,532.3226,855813,GRANULES,,
2025-06-06 00:00:00+05:30,532.4223,532.4722,523.4497,528.3348,485813,GRANULES,,
2025-06-09 00:00:00+05:30,528.3847,538.3542,527.1385,534.9645,691621,GRANULES,,
2025-06-10 00:00:00+05:30,539.7997,543.3389,533.3694,540.7967,726190,GRANULES,,
2025-06-11 00:00:00+05:30,543.339,545.4325,530.4284,534.5658,560073,GRANULES,,
2025-06-12 00:00:00+05:30,534.6655,539.2515,518.7641,522.3033,1678786,GRANULES,,
2025-06-13 00:00:00+05:30,519.4121,522.3033,506.5514,507.8474,1034675,GRANULES,,
2025-06-16 00:00:00+05:30,506.2025,515.9726,495.0366,514.0784,772242,GRANULES,,
2025-06-17 00:00:00+05:30,515.4243,516.8699,492.4944,496.6317,970198,GRANULES,,
2025-06-18 00:00:00+05:30,495.4852,501.3174,491.8464,493.3916,906241,GRANULES,,
2025-06-19 00:00:00+05:30,492.9929,496.4822,477.5401,478.8361,1144928,GRANULES,,
2025-06-20 00:00:00+05:30,478.537,489.354,476.7924,485.8647,1107124,GRANULES,,
2025-06-23 00:00:00+05:30,481.3285,498.177,480.5808,495.7345,1177008,GRANULES,,
2025-06-24 00:00:00+05:30,501.4669,502.8128,484.5188,487.709,855718,GRANULES,,
2025-06-25 00:00:00+05:30,488.5066,498.177,488.1576,492.2451,1129894,GRANULES,,
2025-06-26 00:00:00+05:30,495.6846,497.2797,488.0081,495.3855,1132968,GRANULES,,
2025-06-27 00:00:00+05:30,499.0244,501.6165,493.4913,495.6846,929177,GRANULES,,
2025-06-30 00:00:00+05:30,495.4354,498.2269,491.4974,493.7904,480217,GRANULES,,
2025-07-01 00:00:00+05:30,495.2858,496.532,481.8768,487.6591,737015,GRANULES,,
2025-07-02 00:00:00+05:30,492.4944,496.2828,485.6154,489.3041,783595,GRANULES,,
2025-07-03 00:00:00+05:30,490.5005,493.4913,485.9643,488.6561,447075,GRANULES,,
2025-07-04 00:00:00+05:30,489.9023,495.8342,489.005,491.0986,485607,GRANULES,,
2025-07-07 00:00:00+05:30,493.5412,495.1862,488.5564,491.6968,372161,GRANULES,,
2025-07-08 00:00:00+05:30,491.0488,491.4974,473.8514,480.1322,636001,GRANULES,,
2025-07-09 00:00:00+05:30,480.1322,486.0142,476.5431,478.0884,436559,GRANULES,,
2025-07-10 00:00:00+05:30,480.5309,481.4781,469.2155,472.3559,433079,GRANULES,,
2025-07-11 00:00:00+05:30,470.362,477.2908,464.9785,467.5706,331420,GRANULES,,
2025-07-14 00:00:00+05:30,467.5706,488.0081,465.5767,484.2695,792132,GRANULES,,
2025-07-15 00:00:00+05:30,486.5127,491.9959,483.3723,490.2512,530607,GRANULES,,
2025-07-16 00:00:00+05:30,489.3041,502.2645,488.0081,498.177,2606968,GRANULES,,
2025-07-17 00:00:00+05:30,501.467,510.1903,499.5229,500.9186,1929326,GRANULES,,
2025-07-18 00:00:00+05:30,502.9624,504.2086,490.9989,494.6378,540582,GRANULES,,
2025-07-21 00:00:00+05:30,494.4883,498.0275,489.9023,492.9929,435162,GRANULES,,
2025-07-22 00:00:00+05:30,492.9929,494.1892,474.5991,475.6459,890480,GRANULES,,
2025-07-23 00:00:00+05:30,477.9887,478.5869,471.1097,474.3997,500010,GRANULES,,
2025-07-24 00:00:00+05:30,474.5492,484.1698,472.9043,475.1972,698309,GRANULES,,
2025-07-25 00:00:00+05:30,473.5523,476.2939,464.8289,467.6703,552079,GRANULES,,
2025-07-28 00:00:00+05:30,468.1189,479.0854,460.0436,461.7883,904522,GRANULES,,
2025-07-29 00:00:00+05:30,462.5858,490.5005,462.5858,488.9552,1819374,GRANULES,,
2025-07-30 00:00:00+05:30,490.5005,495.9837,486.1637,490.65,955819,GRANULES,,
2025-07-31 00:00:00+05:30,484.0,487.4,473.85,474.9,940607,GRANULES,,
2025-08-01 00:00:00+05:30,475.95,477.0,450.45,451.75,1307539,GRANULES,,
2025-08-04 00:00:00+05:30,457.0,460.45,447.05,454.0,1107534,GRANULES,,
2025-08-05 00:00:00+05:30,454.0,458.2,443.2,448.7,767391,GRANULES,,
2025-08-06 00:00:00+05:30,447.0,449.05,432.6,439.35,1307558,GRANULES,,
2025-08-07 00:00:00+05:30,434.0,452.8,434.0,450.0,2278957,GRANULES,,
2025-08-08 00:00:00+05:30,452.0,454.4,438.3,439.55,825371,GRANULES,,
2025-08-11 00:00:00+05:30,439.15,444.8,439.15,440.55,587525,GRANULES,,
2025-08-12 00:00:00+05:30,442.55,460.9,440.0,455.1,2097834,GRANULES,,
2025-08-13 00:00:00+05:30,455.1,466.6,451.95,460.35,778530,GRANULES,,
2025-08-14 00:00:00+05:30,464.2,472.8,455.55,459.4,1537810,GRANULES,,
2025-08-18 00:00:00+05:30,464.95,464.95,455.5,461.35,510848,GRANULES,,
2025-08-19 00:00:00+05:30,461.35,464.0,456.0,458.05,483094,GRANULES,,
2025-08-20 00:00:00+05:30,458.0,463.45,452.5,461.35,757670,GRANULES,,
2025-08-21 00:00:00+05:30,461.35,465.0,454.75,462.0,1066845,GRANULES,,
2025-08-22 00:00:00+05:30,462.1,465.8,456.0,458.5,945653,GRANULES,,
2025-08-25 00:00:00+05:30,460.95,469.1,456.6,460.7,2554531,GRANULES,,
2025-08-26 00:00:00+05:30,459.0,475.7,456.3,469.5,5766181,GRANULES,,
2025-08-28 00:00:00+05:30,474.0,478.9,466.0,467.25,6334967,GRANULES,,
2025-08-29 00:00:00+05:30,470.0,512.9,467.9,492.25,16943450,GRANULES,,
2025-09-01 00:00:00+05:30,494.0,524.8,492.45,515.8,7165474,GRANULES,,
2025-09-02 00:00:00+05:30,515.8,518.4,503.6,507.8,2853197,GRANULES,,
2025-09-03 00:00:00+05:30,508.5,522.9,507.3,518.45,1465035,GRANULES,,
2025-09-04 00:00:00+05:30,520.0,521.75,509.0,512.85,812710,GRANULES,,
2025-09-05 00:00:00+05:30,513.0,519.55,507.3,511.4,679631,GRANULES,,
2025-09-08 00:00:00+05:30,513.4,525.0,511.4,519.25,886659,GRANULES,,
2025-09-09 00:00:00+05:30,523.2,529.6,517.45,525.1,1145622,GRANULES,,
2025-09-10 00:00:00+05:30,525.0,527.7,517.85,524.65,741872,GRANULES,,
2025-09-11 00:00:00+05:30,522.5,530.25,519.75,526.1,616662,GRANULES,,
2025-09-12 00:00:00+05:30,529.3,535.9,523.0,534.35,1276767,GRANULES,,
2025-09-15 00:00:00+05:30,535.45,542.0,529.05,533.35,830343,GRANULES,,
2025-09-16 00:00:00+05:30,535.5,541.5,533.4,539.8,607742,GRANULES,,
2025-09-17 00:00:00+05:30,539.8,547.0,534.95,546.05,1519523,GRANULES,,
2025-09-18 00:00:00+05:30,548.8,553.0,540.0,543.15,1346859,GRANULES,,
2025-09-19 00:00:00+05:30,546.0,546.5,535.5,543.4,591413,GRANULES,,
2025-09-22 00:00:00+05:30,545.05,546.75,519.85,526.3,1182250,GRANULES,,
2025-09-23 00:00:00+05:30,526.3,529.2,518.6,523.8,439802,GRANULES,,
2025-09-24 00:00:00+05:30,523.95,534.95,519.05,530.8,528866,GRANULES,,
2025-09-25 00:00:00+05:30,531.95,536.5,526.75,530.15,489157,GRANULES,,
2025-09-26 00:00:00+05:30,525.0,526.0,510.55,515.9,1338310,GRANULES,,
2025-09-29 00:00:00+05:30,515.95,524.45,511.35,514.6,1235265,GRANULES,,
2025-09-30 00:00:00+05:30,515.6,525.95,510.9,517.0,512033,GRANULES,,
2025-10-01 00:00:00+05:30,522.7,545.25,522.7,542.65,2923363,GRANULES,,
2025-10-03 00:00:00+05:30,544.95,562.7,542.0,557.3,2387039,GRANULES,,
2025-10-06 00:00:00+05:30,560.45,561.0,547.8,552.7,549142,GRANULES,,
2025-10-07 00:00:00+05:30,551.0,558.5,545.05,555.9,512359,GRANULES,,
2025-10-08 00:00:00+05:30,556.0,565.0,546.25,548.75,645218,GRANULES,,
2025-10-09 00:00:00+05:30,553.0,575.35,553.0,566.15,2945411,GRANULES,,
2025-10-10 00:00:00+05:30,569.0,574.5,560.25,568.55,1270829,GRANULES,,
2025-10-13 00:00:00+05:30,570.15,571.7,559.4,564.0,542257,GRANULES,,
2025-10-14 00:00:00+05:30,567.45,576.55,560.0,570.0,2827239,GRANULES,,
2025-10-15 00:00:00+05:30,577.0,587.2,567.05,568.85,1913101,GRANULES,,
2025-10-16 00:00:00+05:30,573.0,576.0999755859375,567.2999877929688,570.0999755859375,508720,,0.0,0.0
2025-10-17 00:00:00+05:30,570.5,574.7000122070312,567.0499877929688,569.5499877929688,727221,,0.0,0.0
2025-10-20 00:00:00+05:30,570.0,571.9500122070312,562.0,565.7999877929688,561684,,0.0,0.0
2025-10-21 00:00:00+05:30,566.9000244140625,572.9000244140625,566.9000244140625,570.0499877929688,123439,,0.0,0.0
2025-10-23 00:00:00+05:30,572.9000244140625,573.75,554.4500122070312,557.1500244140625,1238739,,0.0,0.0
2025-10-24 00:00:00+05:30,559.75,568.5999755859375,554.8499755859375,564.5499877929688,550932,,0.0,0.0
2025-10-27 00:00:00+05:30,563.9500122070312,572.7000122070312,558.0499877929688,565.5999755859375,622704,,0.0,0.0
2025-10-28 00:00:00+05:30,565.6500244140625,574.7000122070312,565.0,569.9500122070312,457943,,0.0,0.0
2025-10-29 00:00:00+05:30,572.0,581.9000244140625,565.75,571.2999877929688,1589014,,0.0,0.0
2025-10-30 00:00:00+05:30,571.9000244140625,575.75,569.2000122070312,574.0,90226,,0.0,0.0
