Date,Open,High,Low,Close,Volume,Name,Dividends,Stock Splits,Capital Gains
2020-10-16 00:00:00+05:30,48.2,48.7,46.85,47.85,1368180,IBREALEST,,,
2020-10-19 00:00:00+05:30,48.2,48.6,47.45,47.65,1345725,IBREALEST,,,
2020-10-20 00:00:00+05:30,47.25,48.4,46.9,47.85,1426421,IBREALEST,,,
2020-10-21 00:00:00+05:30,48.3,51.85,47.8,50.65,3972089,IBREALEST,,,
2020-10-22 00:00:00+05:30,50.35,52.0,49.75,51.35,2577490,IBREALEST,,,
2020-10-23 00:00:00+05:30,51.8,52.1,50.5,50.85,1464957,IBREALEST,,,
2020-10-26 00:00:00+05:30,51.05,51.1,48.25,48.85,1555092,IBREALEST,,,
2020-10-27 00:00:00+05:30,48.4,50.9,48.2,50.25,1736707,IBREALEST,,,
2020-10-28 00:00:00+05:30,49.9,50.05,47.75,48.2,1531097,IBREALEST,,,
2020-10-29 00:00:00+05:30,47.6,48.35,47.15,47.85,863190,IBREALEST,,,
2020-10-30 00:00:00+05:30,47.6,49.0,46.75,47.65,1425201,IBREALEST,,,
2020-11-02 00:00:00+05:30,48.0,48.4,47.5,47.75,931399,IBREALEST,,,
2020-11-03 00:00:00+05:30,47.9,48.75,46.5,46.9,1127262,IBREALEST,,,
2020-11-04 00:00:00+05:30,46.75,47.9,46.3,47.2,1142640,IBREALEST,,,
2020-11-05 00:00:00+05:30,47.7,48.5,47.1,47.65,1198641,IBREALEST,,,
2020-11-06 00:00:00+05:30,47.55,49.7,47.55,48.25,1958372,IBREALEST,,,
2020-11-09 00:00:00+05:30,48.45,49.6,48.4,48.85,1362114,IBREALEST,,,
2020-11-10 00:00:00+05:30,49.45,49.45,48.0,48.35,1242611,IBREALEST,,,
2020-11-11 00:00:00+05:30,48.65,49.25,47.8,48.3,1071800,IBREALEST,,,
2020-11-12 00:00:00+05:30,48.45,57.95,48.15,55.1,24327920,IBREALEST,,,
2020-11-13 00:00:00+05:30,57.0,63.9,56.4,60.2,27352126,IBREALEST,,,
2020-11-14 00:00:00+05:30,63.0,64.7,61.85,63.25,8002698,IBREALEST,,,
2020-11-17 00:00:00+05:30,63.9,63.9,59.75,60.1,8191752,IBREALEST,,,
2020-11-18 00:00:00+05:30,59.5,62.7,58.15,60.95,6967951,IBREALEST,,,
2020-11-19 00:00:00+05:30,60.45,63.4,59.6,61.2,7428853,IBREALEST,,,
2020-11-20 00:00:00+05:30,61.75,61.95,60.5,61.0,2997359,IBREALEST,,,
2020-11-23 00:00:00+05:30,61.25,61.5,59.5,59.95,2356037,IBREALEST,,,
2020-11-24 00:00:00+05:30,60.3,62.6,59.8,60.85,4366609,IBREALEST,,,
2020-11-25 00:00:00+05:30,61.2,62.15,59.15,59.85,3831527,IBREALEST,,,
2020-11-26 00:00:00+05:30,60.2,61.0,59.4,60.55,3155429,IBREALEST,,,
2020-11-27 00:00:00+05:30,60.8,66.75,60.75,64.75,11658537,IBREALEST,,,
2020-12-01 00:00:00+05:30,65.1,70.95,65.05,69.7,12434966,IBREALEST,,,
2020-12-02 00:00:00+05:30,70.5,71.5,67.2,68.3,5248008,IBREALEST,,,
2020-12-03 00:00:00+05:30,68.65,72.4,68.5,70.45,6773312,IBREALEST,,,
2020-12-04 00:00:00+05:30,71.2,71.7,67.5,69.1,3886545,IBREALEST,,,
2020-12-07 00:00:00+05:30,68.75,72.0,68.65,71.5,8211939,IBREALEST,,,
2020-12-08 00:00:00+05:30,71.8,72.25,67.55,69.55,5433221,IBREALEST,,,
2020-12-09 00:00:00+05:30,70.0,70.75,68.15,68.85,4101030,IBREALEST,,,
2020-12-10 00:00:00+05:30,68.8,69.3,65.25,67.15,3531542,IBREALEST,,,
2020-12-11 00:00:00+05:30,67.5,69.45,66.3,68.0,3685135,IBREALEST,,,
2020-12-14 00:00:00+05:30,68.25,69.5,68.2,68.65,3384102,IBREALEST,,,
2020-12-15 00:00:00+05:30,68.7,69.0,67.15,68.65,2459765,IBREALEST,,,
2020-12-16 00:00:00+05:30,69.55,80.05,68.85,76.3,28954893,IBREALEST,,,
2020-12-17 00:00:00+05:30,77.0,79.5,74.6,75.0,10102760,IBREALEST,,,
2020-12-18 00:00:00+05:30,74.9,75.8,71.95,73.05,4984390,IBREALEST,,,
2020-12-21 00:00:00+05:30,72.6,75.8,63.1,67.15,8414941,IBREALEST,,,
2020-12-22 00:00:00+05:30,67.05,69.9,64.05,68.0,4469540,IBREALEST,,,
2020-12-23 00:00:00+05:30,68.5,72.45,67.7,71.15,6649573,IBREALEST,,,
2020-12-24 00:00:00+05:30,71.8,74.7,70.2,72.45,8110677,IBREALEST,,,
2020-12-28 00:00:00+05:30,73.4,82.35,73.0,78.35,17025823,IBREALEST,,,
2020-12-29 00:00:00+05:30,79.0,79.45,75.5,76.6,6720247,IBREALEST,,,
2020-12-30 00:00:00+05:30,76.6,80.85,74.7,79.3,7770515,IBREALEST,,,
2020-12-31 00:00:00+05:30,79.1,83.5,79.1,82.2,13404607,IBREALEST,,,
2021-01-01 00:00:00+05:30,81.35,83.25,80.0,80.65,6193754,IBREALEST,,,
2021-01-04 00:00:00+05:30,81.05,81.8,79.0,80.9,5625709,IBREALEST,,,
2021-01-05 00:00:00+05:30,80.15,80.9,77.5,78.9,6031441,IBREALEST,,,
2021-01-06 00:00:00+05:30,79.0,80.85,77.2,78.4,5918487,IBREALEST,,,
2021-01-07 00:00:00+05:30,82.0,91.75,81.2,89.55,52130617,IBREALEST,,,
2021-01-08 00:00:00+05:30,90.45,91.5,85.55,86.45,20735803,IBREALEST,,,
2021-01-11 00:00:00+05:30,86.6,87.35,83.45,84.4,7676370,IBREALEST,,,
2021-01-12 00:00:00+05:30,83.7,88.75,83.4,85.15,9914747,IBREALEST,,,
2021-01-13 00:00:00+05:30,85.45,86.65,81.55,83.75,8786802,IBREALEST,,,
2021-01-14 00:00:00+05:30,83.75,85.85,83.1,83.8,5297595,IBREALEST,,,
2021-01-15 00:00:00+05:30,83.9,84.9,80.2,80.55,6593867,IBREALEST,,,
2021-01-18 00:00:00+05:30,80.85,81.7,77.6,78.1,5122556,IBREALEST,,,
2021-01-19 00:00:00+05:30,81.0,87.9,81.0,87.15,24075941,IBREALEST,,,
2021-01-20 00:00:00+05:30,86.8,88.8,84.1,84.75,8632923,IBREALEST,,,
2021-01-21 00:00:00+05:30,85.1,85.85,81.05,81.65,4824808,IBREALEST,,,
2021-01-22 00:00:00+05:30,81.25,82.5,76.65,78.45,6832613,IBREALEST,,,
2021-01-25 00:00:00+05:30,79.2,80.55,76.1,77.35,4628174,IBREALEST,,,
2021-01-27 00:00:00+05:30,77.4,80.5,76.1,78.75,5672011,IBREALEST,,,
2021-01-28 00:00:00+05:30,77.85,78.7,75.5,76.2,3574088,IBREALEST,,,
2021-01-29 00:00:00+05:30,77.0,78.2,73.8,74.45,4530531,IBREALEST,,,
2021-02-01 00:00:00+05:30,74.95,80.85,73.6,80.35,8206537,IBREALEST,,,
2021-02-02 00:00:00+05:30,81.0,84.35,78.5,79.05,7009838,IBREALEST,,,
2021-02-03 00:00:00+05:30,79.8,82.6,78.2,81.85,5253710,IBREALEST,,,
2021-02-04 00:00:00+05:30,82.0,85.9,80.5,84.0,8368351,IBREALEST,,,
2021-02-05 00:00:00+05:30,84.7,85.4,80.6,82.55,4281453,IBREALEST,,,
2021-02-08 00:00:00+05:30,83.3,87.7,82.0,86.2,9397644,IBREALEST,,,
2021-02-09 00:00:00+05:30,86.5,88.6,84.35,86.3,9670533,IBREALEST,,,
2021-02-10 00:00:00+05:30,86.3,87.45,83.6,84.8,4036738,IBREALEST,,,
2021-02-11 00:00:00+05:30,84.7,86.3,83.5,83.85,3100687,IBREALEST,,,
2021-02-12 00:00:00+05:30,84.2,84.85,81.45,81.9,3321776,IBREALEST,,,
2021-02-15 00:00:00+05:30,82.45,83.2,81.0,81.25,2634697,IBREALEST,,,
2021-02-16 00:00:00+05:30,81.55,87.2,81.3,85.1,5455611,IBREALEST,,,
2021-02-17 00:00:00+05:30,84.1,84.9,81.9,82.35,3820782,IBREALEST,,,
2021-02-18 00:00:00+05:30,82.95,85.35,82.15,83.75,4507246,IBREALEST,,,
2021-02-19 00:00:00+05:30,83.6,85.75,80.4,81.65,6717766,IBREALEST,,,
2021-02-22 00:00:00+05:30,81.85,83.1,79.55,80.85,3409209,IBREALEST,,,
2021-02-23 00:00:00+05:30,81.7,83.75,81.3,82.75,3966380,IBREALEST,,,
2021-02-24 00:00:00+05:30,83.25,84.6,82.45,83.15,2752656,IBREALEST,,,
2021-02-25 00:00:00+05:30,86.0,95.35,86.0,92.8,30306966,IBREALEST,,,
2021-02-26 00:00:00+05:30,90.5,92.8,87.3,89.25,12158174,IBREALEST,,,
2021-03-01 00:00:00+05:30,90.75,97.85,88.7,94.2,16467898,IBREALEST,,,
2021-03-02 00:00:00+05:30,95.0,102.5,94.55,99.8,16205769,IBREALEST,,,
2021-03-03 00:00:00+05:30,100.95,107.75,97.2,105.25,19366197,IBREALEST,,,
2021-03-04 00:00:00+05:30,103.0,119.5,102.0,115.85,31634884,IBREALEST,,,
2021-03-05 00:00:00+05:30,116.45,124.85,112.1,120.1,19518704,IBREALEST,,,
2021-03-08 00:00:00+05:30,121.35,125.5,114.15,115.1,12397915,IBREALEST,,,
2021-03-09 00:00:00+05:30,115.9,117.8,109.0,114.0,15758790,IBREALEST,,,
2021-03-10 00:00:00+05:30,115.0,118.0,111.5,114.95,12477143,IBREALEST,,,
2021-03-12 00:00:00+05:30,115.0,115.8,103.0,104.15,14490006,IBREALEST,,,
2021-03-15 00:00:00+05:30,105.0,108.45,96.7,100.3,19056758,IBREALEST,,,
2021-03-16 00:00:00+05:30,101.0,106.1,98.55,99.55,16124659,IBREALEST,,,
2021-03-17 00:00:00+05:30,99.9,101.95,90.7,91.6,13128416,IBREALEST,,,
2021-03-18 00:00:00+05:30,93.3,96.4,90.0,91.2,11382345,IBREALEST,,,
2021-03-19 00:00:00+05:30,89.95,93.9,85.3,92.75,10901099,IBREALEST,,,
2021-03-22 00:00:00+05:30,93.2,95.9,88.4,89.5,12214149,IBREALEST,,,
2021-03-23 00:00:00+05:30,90.0,93.5,89.45,90.15,13149456,IBREALEST,,,
2021-03-24 00:00:00+05:30,89.9,91.85,84.0,84.45,13441813,IBREALEST,,,
2021-03-25 00:00:00+05:30,84.95,85.2,81.4,82.65,12478099,IBREALEST,,,
2021-03-26 00:00:00+05:30,83.5,87.15,82.4,83.2,13629972,IBREALEST,,,
2021-03-30 00:00:00+05:30,84.55,85.0,78.65,79.95,8188087,IBREALEST,,,
2021-03-31 00:00:00+05:30,80.5,83.35,78.6,81.1,15266591,IBREALEST,,,
2021-04-01 00:00:00+05:30,82.3,91.0,81.55,88.3,23275713,IBREALEST,,,
2021-04-05 00:00:00+05:30,88.15,88.15,82.7,84.15,8277681,IBREALEST,,,
2021-04-06 00:00:00+05:30,85.0,86.3,80.6,81.4,12470429,IBREALEST,,,
2021-04-07 00:00:00+05:30,82.05,87.0,82.0,84.6,12356943,IBREALEST,,,
2021-04-08 00:00:00+05:30,85.5,86.7,83.5,84.65,6750052,IBREALEST,,,
2021-04-09 00:00:00+05:30,84.65,87.75,84.5,85.4,6429222,IBREALEST,,,
2021-04-12 00:00:00+05:30,82.75,82.75,74.7,77.1,10877902,IBREALEST,,,
2021-04-13 00:00:00+05:30,78.2,80.9,76.8,79.7,6150099,IBREALEST,,,
2021-04-15 00:00:00+05:30,79.0,79.7,76.5,78.1,4211760,IBREALEST,,,
2021-04-16 00:00:00+05:30,78.15,82.4,78.15,79.35,7982525,IBREALEST,,,
2021-04-19 00:00:00+05:30,75.5,76.3,72.5,73.95,5947172,IBREALEST,,,
2021-04-20 00:00:00+05:30,75.5,77.5,74.8,76.05,5173126,IBREALEST,,,
2021-04-22 00:00:00+05:30,75.25,81.65,74.7,79.8,11957533,IBREALEST,,,
2021-04-23 00:00:00+05:30,79.5,81.3,77.6,79.55,4874360,IBREALEST,,,
2021-04-26 00:00:00+05:30,82.0,84.4,81.15,82.05,12385844,IBREALEST,,,
2021-04-27 00:00:00+05:30,81.9,82.9,81.05,81.5,4182029,IBREALEST,,,
2021-04-28 00:00:00+05:30,82.15,83.9,79.8,80.1,7968171,IBREALEST,,,
2021-04-29 00:00:00+05:30,80.9,81.7,77.4,77.9,5568774,IBREALEST,,,
2021-04-30 00:00:00+05:30,76.8,79.0,76.5,77.3,4902922,IBREALEST,,,
2021-05-03 00:00:00+05:30,76.5,81.2,76.3,79.2,6054822,IBREALEST,,,
2021-05-04 00:00:00+05:30,80.0,80.8,77.0,77.45,4553537,IBREALEST,,,
2021-05-05 00:00:00+05:30,78.3,79.65,76.0,77.45,7275823,IBREALEST,,,
2021-05-06 00:00:00+05:30,78.2,78.5,75.85,76.8,3072589,IBREALEST,,,
2021-05-07 00:00:00+05:30,77.7,80.4,77.0,78.7,7735607,IBREALEST,,,
2021-05-10 00:00:00+05:30,79.45,88.55,78.65,85.45,17175534,IBREALEST,,,
2021-05-11 00:00:00+05:30,84.7,89.2,83.1,86.8,11999905,IBREALEST,,,
2021-05-12 00:00:00+05:30,87.6,88.3,83.35,84.95,8658457,IBREALEST,,,
2021-05-14 00:00:00+05:30,85.5,86.7,79.7,81.35,6926342,IBREALEST,,,
2021-05-17 00:00:00+05:30,81.75,83.85,81.75,82.75,3062002,IBREALEST,,,
2021-05-18 00:00:00+05:30,83.6,86.4,82.85,83.45,5474537,IBREALEST,,,
2021-05-19 00:00:00+05:30,83.4,86.5,82.9,84.5,5818374,IBREALEST,,,
2021-05-20 00:00:00+05:30,85.0,92.85,83.65,91.85,28314144,IBREALEST,,,
2021-05-21 00:00:00+05:30,92.8,96.4,90.1,92.15,15391404,IBREALEST,,,
2021-05-24 00:00:00+05:30,92.7,94.05,90.6,91.55,6987009,IBREALEST,,,
2021-05-25 00:00:00+05:30,92.5,98.15,90.7,94.85,18889412,IBREALEST,,,
2021-05-26 00:00:00+05:30,96.0,104.5,96.0,103.15,35832605,IBREALEST,,,
2021-05-27 00:00:00+05:30,102.5,102.8,98.65,100.45,12418120,IBREALEST,,,
2021-05-28 00:00:00+05:30,100.65,102.5,97.15,97.9,10686555,IBREALEST,,,
2021-05-31 00:00:00+05:30,97.9,103.9,96.25,101.8,13798075,IBREALEST,,,
2021-06-01 00:00:00+05:30,102.5,102.75,97.85,99.1,7428800,IBREALEST,,,
2021-06-02 00:00:00+05:30,99.0,102.15,98.65,100.5,7113855,IBREALEST,,,
2021-06-03 00:00:00+05:30,101.4,108.5,101.1,106.25,26792581,IBREALEST,,,
2021-06-04 00:00:00+05:30,106.9,114.0,104.05,112.75,27880963,IBREALEST,,,
2021-06-07 00:00:00+05:30,114.0,117.9,111.55,112.35,19709085,IBREALEST,,,
2021-06-08 00:00:00+05:30,112.0,113.0,105.9,106.55,15448961,IBREALEST,,,
2021-06-09 00:00:00+05:30,107.5,112.7,102.65,105.2,21314552,IBREALEST,,,
2021-06-10 00:00:00+05:30,106.2,114.5,106.0,113.15,24204184,IBREALEST,,,
2021-06-11 00:00:00+05:30,114.0,114.75,108.6,109.7,13542987,IBREALEST,,,
2021-06-14 00:00:00+05:30,109.2,111.5,105.0,109.6,11660614,IBREALEST,,,
2021-06-15 00:00:00+05:30,110.0,112.55,109.45,110.65,7943422,IBREALEST,,,
2021-06-16 00:00:00+05:30,110.5,111.4,107.0,108.7,8514574,IBREALEST,,,
2021-06-17 00:00:00+05:30,107.0,114.2,106.05,108.15,18380147,IBREALEST,,,
2021-06-18 00:00:00+05:30,109.0,111.55,100.55,108.1,15162872,IBREALEST,,,
2021-06-21 00:00:00+05:30,105.0,114.7,104.5,112.9,12310862,IBREALEST,,,
2021-06-22 00:00:00+05:30,114.25,117.1,112.55,114.6,14670826,IBREALEST,,,
2021-06-23 00:00:00+05:30,115.0,121.15,111.8,116.7,25748354,IBREALEST,,,
2021-06-24 00:00:00+05:30,117.65,125.2,117.1,121.6,34792651,IBREALEST,,,
2021-06-25 00:00:00+05:30,122.0,124.85,114.75,116.25,16575656,IBREALEST,,,
2021-06-28 00:00:00+05:30,115.2,118.55,111.75,112.85,12578337,IBREALEST,,,
2021-06-29 00:00:00+05:30,113.45,117.7,112.65,115.1,13220546,IBREALEST,,,
2021-06-30 00:00:00+05:30,116.0,119.3,115.9,117.8,17576904,IBREALEST,,,
2021-07-01 00:00:00+05:30,118.7,119.4,114.25,115.05,9150246,IBREALEST,,,
2021-07-02 00:00:00+05:30,115.65,116.2,111.75,112.3,8904876,IBREALEST,,,
2021-07-05 00:00:00+05:30,113.45,119.7,112.2,118.8,21340795,IBREALEST,,,
2021-07-06 00:00:00+05:30,118.65,124.0,116.1,117.05,23138486,IBREALEST,,,
2021-07-07 00:00:00+05:30,117.65,120.9,116.45,119.7,13866419,IBREALEST,,,
2021-07-08 00:00:00+05:30,120.0,122.9,116.1,117.25,13443251,IBREALEST,,,
2021-07-09 00:00:00+05:30,117.35,121.0,116.2,120.2,14563869,IBREALEST,,,
2021-07-12 00:00:00+05:30,121.0,140.2,120.7,138.2,108175367,IBREALEST,,,
2021-07-13 00:00:00+05:30,140.0,143.3,132.7,135.55,44622411,IBREALEST,,,
2021-07-14 00:00:00+05:30,135.45,137.0,131.25,132.2,16465143,IBREALEST,,,
2021-07-15 00:00:00+05:30,133.0,142.4,132.05,141.0,30725892,IBREALEST,,,
2021-07-16 00:00:00+05:30,142.0,144.6,136.7,143.05,36658509,IBREALEST,,,
2021-07-19 00:00:00+05:30,142.4,162.9,141.0,159.3,80473782,IBREALEST,,,
2021-07-20 00:00:00+05:30,159.5,162.25,151.5,154.2,46381185,IBREALEST,,,
2021-07-22 00:00:00+05:30,155.95,169.2,155.3,163.35,26758040,IBREALEST,,,
2021-07-23 00:00:00+05:30,164.0,171.7,158.2,170.15,23903101,IBREALEST,,,
2021-07-26 00:00:00+05:30,168.9,174.75,159.0,160.35,19291096,IBREALEST,,,
2021-07-27 00:00:00+05:30,161.5,164.5,148.5,156.25,15378961,IBREALEST,,,
2021-07-28 00:00:00+05:30,156.0,157.0,146.55,150.2,13138135,IBREALEST,,,
2021-07-29 00:00:00+05:30,151.4,157.9,151.0,153.4,9502770,IBREALEST,,,
2021-07-30 00:00:00+05:30,152.55,154.8,149.5,151.3,5976626,IBREALEST,,,
2021-08-02 00:00:00+05:30,152.7,162.9,151.2,157.6,15402234,IBREALEST,,,
2021-08-03 00:00:00+05:30,157.0,158.7,153.6,155.2,7716695,IBREALEST,,,
2021-08-04 00:00:00+05:30,156.2,156.7,147.2,150.65,8528397,IBREALEST,,,
2021-08-05 00:00:00+05:30,150.9,151.45,142.5,143.25,8450881,IBREALEST,,,
2021-08-06 00:00:00+05:30,144.1,148.6,142.0,143.45,5916487,IBREALEST,,,
2021-08-09 00:00:00+05:30,145.25,149.4,141.05,142.65,7439882,IBREALEST,,,
2021-08-10 00:00:00+05:30,142.65,146.0,129.15,135.65,9856418,IBREALEST,,,
2021-08-11 00:00:00+05:30,136.25,151.0,127.65,147.4,23336844,IBREALEST,,,
2021-08-12 00:00:00+05:30,150.25,155.5,148.65,152.95,12146492,IBREALEST,,,
2021-08-13 00:00:00+05:30,153.0,154.35,146.55,149.8,7312043,IBREALEST,,,
2021-08-16 00:00:00+05:30,150.45,159.0,148.05,153.75,14055915,IBREALEST,,,
2021-08-17 00:00:00+05:30,156.65,162.3,148.65,149.85,16602721,IBREALEST,,,
2021-08-18 00:00:00+05:30,150.5,151.4,142.6,144.5,7603361,IBREALEST,,,
2021-08-20 00:00:00+05:30,142.0,147.45,136.4,138.1,8705988,IBREALEST,,,
2021-08-23 00:00:00+05:30,140.3,142.65,131.6,135.4,7009846,IBREALEST,,,
2021-08-24 00:00:00+05:30,136.0,142.5,134.0,141.6,7041250,IBREALEST,,,
2021-08-25 00:00:00+05:30,142.0,143.3,136.1,137.4,5204351,IBREALEST,,,
2021-08-26 00:00:00+05:30,137.55,138.3,133.6,134.6,3986680,IBREALEST,,,
2021-08-27 00:00:00+05:30,134.4,139.7,134.0,135.45,6510561,IBREALEST,,,
2021-08-30 00:00:00+05:30,136.7,141.5,136.2,139.4,6700346,IBREALEST,,,
2021-08-31 00:00:00+05:30,139.6,140.6,135.5,136.4,5211033,IBREALEST,,,
2021-09-01 00:00:00+05:30,136.9,146.25,132.2,144.25,18598969,IBREALEST,,,
2021-09-02 00:00:00+05:30,143.95,149.0,141.9,145.05,10261770,IBREALEST,,,
2021-09-03 00:00:00+05:30,145.5,151.5,144.2,145.95,9860764,IBREALEST,,,
2021-09-06 00:00:00+05:30,146.7,149.25,143.5,146.6,8641044,IBREALEST,,,
2021-09-07 00:00:00+05:30,147.3,147.4,142.25,143.5,5023840,IBREALEST,,,
2021-09-08 00:00:00+05:30,143.7,150.5,141.75,148.5,11361503,IBREALEST,,,
2021-09-09 00:00:00+05:30,148.15,148.9,143.1,144.05,6699815,IBREALEST,,,
2021-09-13 00:00:00+05:30,143.25,144.7,139.3,141.3,7497561,IBREALEST,,,
2021-09-14 00:00:00+05:30,142.25,144.0,137.55,139.8,8930014,IBREALEST,,,
2021-09-15 00:00:00+05:30,140.15,142.0,136.6,137.65,5176433,IBREALEST,,,
2021-09-16 00:00:00+05:30,138.55,144.25,137.2,139.85,8243618,IBREALEST,,,
2021-09-17 00:00:00+05:30,141.15,141.3,133.05,134.7,8003229,IBREALEST,,,
2021-09-20 00:00:00+05:30,131.1,134.25,125.5,127.3,8660819,IBREALEST,,,
2021-09-21 00:00:00+05:30,128.0,134.3,125.8,133.5,9192166,IBREALEST,,,
2021-09-22 00:00:00+05:30,134.2,148.35,133.05,145.2,23878994,IBREALEST,,,
2021-09-23 00:00:00+05:30,146.8,157.0,146.35,154.15,29188716,IBREALEST,,,
2021-09-24 00:00:00+05:30,154.7,161.0,149.35,150.65,19096501,IBREALEST,,,
2021-09-27 00:00:00+05:30,151.9,155.1,150.0,150.9,9004084,IBREALEST,,,
2021-09-28 00:00:00+05:30,151.75,152.65,140.8,144.6,11306345,IBREALEST,,,
2021-09-29 00:00:00+05:30,142.5,148.7,142.1,145.6,7721276,IBREALEST,,,
2021-09-30 00:00:00+05:30,146.4,153.35,145.7,149.95,10268442,IBREALEST,,,
2021-10-01 00:00:00+05:30,147.75,153.45,147.75,152.35,12508856,IBREALEST,,,
2021-10-04 00:00:00+05:30,153.25,160.45,153.25,158.05,16823560,IBREALEST,,,
2021-10-05 00:00:00+05:30,156.4,158.2,153.05,154.85,9320644,IBREALEST,,,
2021-10-06 00:00:00+05:30,155.5,156.7,146.7,147.6,10186745,IBREALEST,,,
2021-10-07 00:00:00+05:30,149.55,154.4,149.5,150.1,10390429,IBREALEST,,,
2021-10-08 00:00:00+05:30,150.95,153.9,148.0,148.95,6433726,IBREALEST,,,
2021-10-11 00:00:00+05:30,149.3,153.7,148.6,150.0,7500457,IBREALEST,,,
2021-10-12 00:00:00+05:30,149.5,154.0,148.1,152.35,8438585,IBREALEST,,,
2021-10-13 00:00:00+05:30,152.9,157.0,149.35,151.05,11163130,IBREALEST,,,
2021-10-14 00:00:00+05:30,152.45,166.6,151.75,164.1,32913771,IBREALEST,,,
2021-10-18 00:00:00+05:30,182.0,186.0,172.5,174.45,29862107,IBREALEST,,,
2021-10-19 00:00:00+05:30,175.6,176.0,160.0,162.15,12936333,IBREALEST,,,
2021-10-20 00:00:00+05:30,162.45,164.4,153.0,155.6,12441581,IBREALEST,,,
2021-10-21 00:00:00+05:30,157.1,165.75,154.25,159.6,13334446,IBREALEST,,,
2021-10-22 00:00:00+05:30,163.0,168.0,158.0,162.8,13362186,IBREALEST,,,
2021-10-25 00:00:00+05:30,163.4,164.35,153.0,153.7,8628871,IBREALEST,,,
2021-10-26 00:00:00+05:30,154.1,161.0,153.45,158.45,8428605,IBREALEST,,,
2021-10-27 00:00:00+05:30,160.6,164.25,157.6,159.1,7999670,IBREALEST,,,
2021-10-28 00:00:00+05:30,159.9,160.5,150.95,152.1,8487232,IBREALEST,,,
2021-10-29 00:00:00+05:30,151.65,155.2,148.35,151.8,6965023,IBREALEST,,,
2021-11-01 00:00:00+05:30,153.15,163.4,153.15,161.45,12367233,IBREALEST,,,
2021-11-02 00:00:00+05:30,163.2,180.5,161.05,176.5,35322329,IBREALEST,,,
2021-11-03 00:00:00+05:30,178.0,183.4,173.2,176.6,18213898,IBREALEST,,,
2021-11-04 00:00:00+05:30,179.6,184.7,179.6,181.25,10353712,IBREALEST,,,
2021-11-08 00:00:00+05:30,183.6,191.8,182.2,189.8,18962205,IBREALEST,,,
2021-11-09 00:00:00+05:30,190.45,195.9,187.7,191.05,20040324,IBREALEST,,,
2021-11-10 00:00:00+05:30,188.65,192.7,184.0,184.6,9541362,IBREALEST,,,
2021-11-11 00:00:00+05:30,185.7,188.7,178.5,181.25,10697867,IBREALEST,,,
2021-11-12 00:00:00+05:30,182.5,191.7,176.1,189.6,15345250,IBREALEST,,,
2021-11-15 00:00:00+05:30,190.95,191.6,184.65,186.95,8230509,IBREALEST,,,
2021-11-16 00:00:00+05:30,187.35,190.45,182.55,183.55,8502222,IBREALEST,,,
2021-11-17 00:00:00+05:30,183.3,188.2,179.55,180.55,10363545,IBREALEST,,,
2021-11-18 00:00:00+05:30,180.15,181.55,172.1,173.4,11704089,IBREALEST,,,
2021-11-22 00:00:00+05:30,174.7,177.65,159.35,162.1,16600806,IBREALEST,,,
2021-11-23 00:00:00+05:30,161.0,176.4,160.8,174.05,17366983,IBREALEST,,,
2021-11-24 00:00:00+05:30,175.1,182.4,174.75,176.7,13510309,IBREALEST,,,
2021-11-25 00:00:00+05:30,177.4,179.5,174.05,177.3,8589400,IBREALEST,,,
2021-11-26 00:00:00+05:30,173.0,175.9,165.5,166.65,17965587,IBREALEST,,,
2021-11-29 00:00:00+05:30,167.7,174.5,162.0,165.85,15910905,IBREALEST,,,
2021-11-30 00:00:00+05:30,167.5,176.5,166.4,167.6,14800346,IBREALEST,,,
2021-12-01 00:00:00+05:30,170.55,175.2,165.15,172.05,15807657,IBREALEST,,,
2021-12-02 00:00:00+05:30,172.5,174.45,168.2,172.5,9944063,IBREALEST,,,
2021-12-03 00:00:00+05:30,173.2,178.4,170.0,170.8,13921583,IBREALEST,,,
2021-12-06 00:00:00+05:30,171.65,173.65,166.45,167.45,8710632,IBREALEST,,,
2021-12-07 00:00:00+05:30,169.2,173.7,168.8,171.7,10179240,IBREALEST,,,
2021-12-08 00:00:00+05:30,173.4,175.0,169.4,170.1,6796218,IBREALEST,,,
2021-12-09 00:00:00+05:30,171.05,171.7,168.3,169.2,6860971,IBREALEST,,,
2021-12-10 00:00:00+05:30,170.0,181.7,168.7,179.1,22477130,IBREALEST,,,
2021-12-13 00:00:00+05:30,181.5,183.5,176.3,177.0,18474728,IBREALEST,,,
2021-12-14 00:00:00+05:30,175.35,179.3,173.9,175.05,10310727,IBREALEST,,,
2021-12-15 00:00:00+05:30,175.35,178.45,172.0,172.8,10363479,IBREALEST,,,
2021-12-16 00:00:00+05:30,176.85,176.9,167.6,169.05,9842580,IBREALEST,,,
2021-12-17 00:00:00+05:30,169.0,169.45,155.25,157.15,16738339,IBREALEST,,,
2021-12-20 00:00:00+05:30,155.5,155.5,143.6,147.8,15295099,IBREALEST,,,
2021-12-21 00:00:00+05:30,151.2,159.5,151.2,157.8,13149711,IBREALEST,,,
2021-12-22 00:00:00+05:30,160.0,164.2,159.1,160.95,7633978,IBREALEST,,,
2021-12-23 00:00:00+05:30,162.8,164.8,159.1,159.95,6195971,IBREALEST,,,
2021-12-24 00:00:00+05:30,160.8,163.25,156.4,161.25,9385046,IBREALEST,,,
2021-12-27 00:00:00+05:30,160.9,161.0,155.55,156.4,7571384,IBREALEST,,,
2021-12-28 00:00:00+05:30,158.0,161.9,157.0,158.45,6675447,IBREALEST,,,
2021-12-29 00:00:00+05:30,158.45,162.7,156.8,160.8,8453946,IBREALEST,,,
2021-12-30 00:00:00+05:30,161.3,161.65,156.2,156.8,4896941,IBREALEST,,,
2021-12-31 00:00:00+05:30,157.5,160.6,156.75,157.7,5699165,IBREALEST,,,
2022-01-03 00:00:00+05:30,159.05,163.8,159.0,162.5,9275063,IBREALEST,,,
2022-01-04 00:00:00+05:30,163.0,163.45,157.55,158.85,5828847,IBREALEST,,,
2022-01-05 00:00:00+05:30,158.7,163.0,157.3,162.1,8888820,IBREALEST,,,
2022-01-06 00:00:00+05:30,159.5,161.8,158.35,159.3,7497332,IBREALEST,,,
2022-01-07 00:00:00+05:30,160.6,167.9,160.05,166.15,18100587,IBREALEST,,,
2022-01-10 00:00:00+05:30,167.1,171.8,166.35,170.9,13257426,IBREALEST,,,
2022-01-11 00:00:00+05:30,171.95,177.0,168.6,171.65,18346447,IBREALEST,,,
2022-01-12 00:00:00+05:30,173.2,177.5,172.3,173.7,12887975,IBREALEST,,,
2022-01-13 00:00:00+05:30,173.95,173.95,168.55,169.1,7135089,IBREALEST,,,
2022-01-14 00:00:00+05:30,168.0,174.25,167.65,169.65,10204896,IBREALEST,,,
2022-01-17 00:00:00+05:30,170.0,171.25,165.8,167.25,9136056,IBREALEST,,,
2022-01-18 00:00:00+05:30,168.0,170.8,162.25,163.35,10427642,IBREALEST,,,
2022-01-19 00:00:00+05:30,163.4,163.4,158.75,159.8,10376235,IBREALEST,,,
2022-01-20 00:00:00+05:30,160.0,165.35,159.75,161.2,9591670,IBREALEST,,,
2022-01-21 00:00:00+05:30,160.1,163.45,156.05,158.5,10903357,IBREALEST,,,
2022-01-24 00:00:00+05:30,158.5,160.5,143.7,146.35,13564396,IBREALEST,,,
2022-01-25 00:00:00+05:30,146.5,153.05,143.65,150.45,9501288,IBREALEST,,,
2022-01-27 00:00:00+05:30,139.4,146.5,137.45,141.9,17017499,IBREALEST,,,
2022-01-28 00:00:00+05:30,143.4,147.65,142.55,143.25,7225838,IBREALEST,,,
2022-01-31 00:00:00+05:30,144.8,146.5,143.15,143.85,5241841,IBREALEST,,,
2022-02-01 00:00:00+05:30,145.5,148.1,141.75,146.1,8813147,IBREALEST,,,
2022-02-02 00:00:00+05:30,147.45,149.5,145.3,146.45,7023290,IBREALEST,,,
2022-02-03 00:00:00+05:30,146.45,150.5,144.6,145.45,8530183,IBREALEST,,,
2022-02-04 00:00:00+05:30,146.1,148.2,144.5,146.05,5511855,IBREALEST,,,
2022-02-07 00:00:00+05:30,146.25,147.4,143.65,144.3,5321260,IBREALEST,,,
2022-02-08 00:00:00+05:30,145.0,145.45,136.3,137.65,9350707,IBREALEST,,,
2022-02-09 00:00:00+05:30,138.5,142.4,135.1,141.4,8346541,IBREALEST,,,
2022-02-10 00:00:00+05:30,142.0,145.5,139.5,142.3,6369964,IBREALEST,,,
2022-02-11 00:00:00+05:30,141.0,141.85,138.3,139.0,4042760,IBREALEST,,,
2022-02-14 00:00:00+05:30,135.1,135.9,123.0,124.45,11687500,IBREALEST,,,
2022-02-15 00:00:00+05:30,126.5,128.85,120.6,127.5,11481123,IBREALEST,,,
2022-02-16 00:00:00+05:30,129.35,132.35,126.75,127.25,9248289,IBREALEST,,,
2022-02-17 00:00:00+05:30,128.65,129.35,123.5,124.15,6602491,IBREALEST,,,
2022-02-18 00:00:00+05:30,123.6,124.9,120.6,121.2,5562347,IBREALEST,,,
2022-02-21 00:00:00+05:30,120.0,120.0,99.5,103.1,39095152,IBREALEST,,,
2022-02-22 00:00:00+05:30,105.0,118.7,105.0,113.65,73709081,IBREALEST,,,
2022-02-23 00:00:00+05:30,116.2,118.75,113.2,114.8,18932673,IBREALEST,,,
2022-02-24 00:00:00+05:30,105.55,110.0,100.05,101.75,25121613,IBREALEST,,,
2022-02-25 00:00:00+05:30,108.0,111.3,103.2,107.35,21651640,IBREALEST,,,
2022-02-28 00:00:00+05:30,105.0,109.0,103.4,107.9,11557692,IBREALEST,,,
2022-03-02 00:00:00+05:30,105.7,107.7,104.15,105.4,10100299,IBREALEST,,,
2022-03-03 00:00:00+05:30,107.8,111.0,107.0,109.0,11906315,IBREALEST,,,
2022-03-04 00:00:00+05:30,108.5,108.5,104.3,106.65,9034894,IBREALEST,,,
2022-03-07 00:00:00+05:30,103.0,103.5,98.4,99.2,12154667,IBREALEST,,,
2022-03-08 00:00:00+05:30,100.15,102.85,96.75,101.75,12518418,IBREALEST,,,
2022-03-09 00:00:00+05:30,102.7,109.7,101.75,107.35,15504428,IBREALEST,,,
2022-03-10 00:00:00+05:30,110.2,112.1,105.6,106.75,12662662,IBREALEST,,,
2022-03-11 00:00:00+05:30,105.65,107.9,105.0,106.05,7090559,IBREALEST,,,
2022-03-14 00:00:00+05:30,106.3,106.95,103.0,103.7,8553383,IBREALEST,,,
2022-03-15 00:00:00+05:30,104.65,113.7,104.6,105.95,21874650,IBREALEST,,,
2022-03-16 00:00:00+05:30,107.95,111.0,105.6,108.65,12267646,IBREALEST,,,
2022-03-17 00:00:00+05:30,110.5,112.2,109.1,111.0,11112252,IBREALEST,,,
2022-03-21 00:00:00+05:30,112.0,112.0,107.25,107.95,8383042,IBREALEST,,,
2022-03-22 00:00:00+05:30,108.5,108.5,103.35,105.4,10105504,IBREALEST,,,
2022-03-23 00:00:00+05:30,107.0,107.65,103.9,104.2,8449964,IBREALEST,,,
2022-03-24 00:00:00+05:30,104.5,107.6,104.0,105.25,9055477,IBREALEST,,,
2022-03-25 00:00:00+05:30,106.0,107.25,104.4,104.95,7399158,IBREALEST,,,
2022-03-28 00:00:00+05:30,105.1,105.15,100.5,101.1,12984098,IBREALEST,,,
2022-03-29 00:00:00+05:30,102.0,104.45,100.8,101.95,16265262,IBREALEST,,,
2022-03-30 00:00:00+05:30,103.3,106.0,102.45,102.9,9739247,IBREALEST,,,
2022-03-31 00:00:00+05:30,103.6,103.85,101.0,101.4,7184894,IBREALEST,,,
2022-04-01 00:00:00+05:30,102.0,113.0,101.7,112.0,23634014,IBREALEST,,,
2022-04-04 00:00:00+05:30,112.6,120.9,111.0,117.75,27175317,IBREALEST,,,
2022-04-05 00:00:00+05:30,118.3,118.4,114.1,116.3,16426324,IBREALEST,,,
2022-04-06 00:00:00+05:30,115.0,118.0,114.15,115.85,15036435,IBREALEST,,,
2022-04-07 00:00:00+05:30,116.0,119.85,111.8,113.1,15759726,IBREALEST,,,
2022-04-08 00:00:00+05:30,113.75,113.95,108.35,111.9,21816256,IBREALEST,,,
2022-04-11 00:00:00+05:30,112.4,114.9,111.2,114.3,9085351,IBREALEST,,,
2022-04-12 00:00:00+05:30,114.0,114.5,108.2,109.1,10658786,IBREALEST,,,
2022-04-13 00:00:00+05:30,110.0,111.7,107.95,108.6,13110256,IBREALEST,,,
2022-04-18 00:00:00+05:30,104.3,105.0,102.0,102.4,13952240,IBREALEST,,,
2022-04-19 00:00:00+05:30,103.25,103.9,94.8,97.1,16843330,IBREALEST,,,
2022-04-20 00:00:00+05:30,98.0,101.65,95.9,99.6,19011532,IBREALEST,,,
2022-04-21 00:00:00+05:30,100.95,101.25,98.0,98.55,7169889,IBREALEST,,,
2022-04-22 00:00:00+05:30,98.1,99.3,94.7,95.25,9385044,IBREALEST,,,
2022-04-25 00:00:00+05:30,94.5,94.5,90.7,91.2,8826919,IBREALEST,,,
2022-04-26 00:00:00+05:30,92.5,96.2,91.35,95.05,13811742,IBREALEST,,,
2022-04-27 00:00:00+05:30,94.4,94.4,91.75,92.45,6895516,IBREALEST,,,
2022-04-28 00:00:00+05:30,93.4,93.45,89.0,90.8,10374945,IBREALEST,,,
2022-04-29 00:00:00+05:30,91.3,92.8,88.5,89.3,7953424,IBREALEST,,,
2022-05-02 00:00:00+05:30,88.85,88.85,85.7,86.25,7594944,IBREALEST,,,
2022-05-04 00:00:00+05:30,86.95,87.4,81.3,81.8,10934306,IBREALEST,,,
2022-05-05 00:00:00+05:30,82.5,83.3,81.1,81.95,7585192,IBREALEST,,,
2022-05-06 00:00:00+05:30,80.0,80.0,77.0,78.95,9086342,IBREALEST,,,
2022-05-09 00:00:00+05:30,78.5,82.0,76.6,78.6,11926200,IBREALEST,,,
2022-05-10 00:00:00+05:30,78.5,80.6,75.4,76.0,6791415,IBREALEST,,,
2022-05-11 00:00:00+05:30,77.0,77.45,68.4,71.65,19655111,IBREALEST,,,
2022-05-12 00:00:00+05:30,71.0,75.0,70.25,74.2,15113550,IBREALEST,,,
2022-05-13 00:00:00+05:30,76.3,76.7,70.1,70.7,10121943,IBREALEST,,,
2022-05-16 00:00:00+05:30,71.5,73.8,69.3,73.05,10184447,IBREALEST,,,
2022-05-17 00:00:00+05:30,73.9,76.25,72.7,75.7,7024243,IBREALEST,,,
2022-05-18 00:00:00+05:30,76.1,79.25,75.45,77.15,9751815,IBREALEST,,,
2022-05-19 00:00:00+05:30,74.2,75.6,73.15,73.9,6831604,IBREALEST,,,
2022-05-20 00:00:00+05:30,75.3,75.75,73.1,73.75,7199836,IBREALEST,,,
2022-05-23 00:00:00+05:30,74.0,80.9,73.9,74.95,18424135,IBREALEST,,,
2022-05-24 00:00:00+05:30,75.7,75.9,71.65,72.05,6267482,IBREALEST,,,
2022-05-25 00:00:00+05:30,72.5,73.45,69.0,69.65,6121120,IBREALEST,,,
2022-05-26 00:00:00+05:30,70.5,71.85,66.6,71.45,9993153,IBREALEST,,,
2022-05-27 00:00:00+05:30,72.75,74.4,69.25,73.5,12991930,IBREALEST,,,
2022-05-30 00:00:00+05:30,72.75,74.5,71.05,71.7,11936252,IBREALEST,,,
2022-05-31 00:00:00+05:30,71.9,76.1,71.3,75.15,16169108,IBREALEST,,,
2022-06-01 00:00:00+05:30,75.4,76.2,69.5,71.55,22789667,IBREALEST,,,
2022-06-02 00:00:00+05:30,71.5,74.4,71.45,73.95,9640071,IBREALEST,,,
2022-06-03 00:00:00+05:30,74.85,80.0,74.4,75.4,34944866,IBREALEST,,,
2022-06-06 00:00:00+05:30,75.5,76.05,72.9,75.05,7347664,IBREALEST,,,
2022-06-07 00:00:00+05:30,74.55,75.4,71.55,71.95,8184706,IBREALEST,,,
2022-06-08 00:00:00+05:30,72.4,73.65,70.75,71.95,10510474,IBREALEST,,,
2022-06-09 00:00:00+05:30,71.85,72.25,70.85,71.4,5575847,IBREALEST,,,
2022-06-10 00:00:00+05:30,70.4,71.2,70.15,70.45,4714697,IBREALEST,,,
2022-06-13 00:00:00+05:30,69.0,69.4,65.5,66.25,6971925,IBREALEST,,,
2022-06-14 00:00:00+05:30,65.6,68.4,64.85,67.75,11529059,IBREALEST,,,
2022-06-15 00:00:00+05:30,68.4,68.7,64.8,65.1,8908364,IBREALEST,,,
2022-06-16 00:00:00+05:30,66.45,66.7,61.8,62.65,8391837,IBREALEST,,,
2022-06-17 00:00:00+05:30,62.6,65.2,60.25,63.75,18021986,IBREALEST,,,
2022-06-20 00:00:00+05:30,63.2,63.85,60.25,60.75,7079084,IBREALEST,,,
2022-06-21 00:00:00+05:30,60.75,64.65,60.75,63.75,6326215,IBREALEST,,,
2022-06-22 00:00:00+05:30,63.0,66.15,62.6,62.95,9728181,IBREALEST,,,
2022-06-23 00:00:00+05:30,63.1,64.4,62.5,63.95,5681278,IBREALEST,,,
2022-06-24 00:00:00+05:30,64.9,66.4,64.5,65.4,8286393,IBREALEST,,,
2022-06-27 00:00:00+05:30,66.45,66.75,65.5,65.95,4298856,IBREALEST,,,
2022-06-28 00:00:00+05:30,66.1,66.3,64.5,65.55,5819168,IBREALEST,,,
2022-06-29 00:00:00+05:30,64.5,65.25,63.05,63.55,4176190,IBREALEST,,,
2022-06-30 00:00:00+05:30,63.9,64.2,60.5,60.95,6621951,IBREALEST,,,
2022-07-01 00:00:00+05:30,61.2,62.3,60.15,61.85,4909229,IBREALEST,,,
2022-07-04 00:00:00+05:30,61.7,62.7,60.25,61.0,4999082,IBREALEST,,,
2022-07-05 00:00:00+05:30,61.6,63.25,60.8,61.35,5812921,IBREALEST,,,
2022-07-06 00:00:00+05:30,61.35,61.4,58.0,59.95,10317770,IBREALEST,,,
2022-07-07 00:00:00+05:30,60.9,64.7,60.6,63.75,15595985,IBREALEST,,,
2022-07-08 00:00:00+05:30,64.0,64.4,61.65,62.3,5855947,IBREALEST,,,
2022-07-11 00:00:00+05:30,61.5,65.35,61.5,65.0,6430591,IBREALEST,,,
2022-07-12 00:00:00+05:30,64.05,64.5,63.2,63.7,4961590,IBREALEST,,,
2022-07-13 00:00:00+05:30,64.15,65.25,63.1,64.35,5836067,IBREALEST,,,
2022-07-14 00:00:00+05:30,64.65,64.7,61.8,62.55,4582588,IBREALEST,,,
2022-07-15 00:00:00+05:30,62.75,64.6,61.8,64.05,4509224,IBREALEST,,,
2022-07-18 00:00:00+05:30,64.6,66.8,64.0,66.05,6913264,IBREALEST,,,
2022-07-19 00:00:00+05:30,65.55,68.55,65.2,67.85,8192297,IBREALEST,,,
2022-07-20 00:00:00+05:30,68.7,72.5,67.85,71.85,17247577,IBREALEST,,,
2022-07-21 00:00:00+05:30,71.6,73.3,70.55,71.4,12780775,IBREALEST,,,
2022-07-22 00:00:00+05:30,71.5,72.6,71.05,71.9,6762054,IBREALEST,,,
2022-07-25 00:00:00+05:30,71.6,71.6,69.1,69.9,5379617,IBREALEST,,,
2022-07-26 00:00:00+05:30,69.9,72.2,68.55,70.1,8393745,IBREALEST,,,
2022-07-27 00:00:00+05:30,70.25,72.55,69.6,71.6,5476992,IBREALEST,,,
2022-07-28 00:00:00+05:30,72.4,75.0,71.85,73.2,10960069,IBREALEST,,,
2022-07-29 00:00:00+05:30,73.6,74.0,72.05,72.6,6282197,IBREALEST,,,
2022-08-01 00:00:00+05:30,72.6,75.3,71.5,73.75,9733487,IBREALEST,,,
2022-08-02 00:00:00+05:30,72.7,74.15,72.2,73.15,7451869,IBREALEST,,,
2022-08-03 00:00:00+05:30,73.4,73.6,70.0,71.15,6184810,IBREALEST,,,
2022-08-04 00:00:00+05:30,71.5,73.7,70.2,71.3,7225692,IBREALEST,,,
2022-08-05 00:00:00+05:30,71.35,73.5,71.1,71.85,7041975,IBREALEST,,,
2022-08-08 00:00:00+05:30,71.6,73.0,71.3,71.55,3512117,IBREALEST,,,
2022-08-10 00:00:00+05:30,71.5,72.25,68.7,69.4,5603034,IBREALEST,,,
2022-08-11 00:00:00+05:30,70.05,71.3,69.2,69.85,4251039,IBREALEST,,,
2022-08-12 00:00:00+05:30,69.8,70.5,67.25,67.65,6196811,IBREALEST,,,
2022-08-16 00:00:00+05:30,67.5,79.7,67.35,78.4,44865881,IBREALEST,,,
2022-08-17 00:00:00+05:30,78.0,79.35,76.1,76.5,14969136,IBREALEST,,,
2022-08-18 00:00:00+05:30,77.0,83.8,76.4,81.8,37980919,IBREALEST,,,
2022-08-19 00:00:00+05:30,82.5,83.2,79.55,80.3,13889329,IBREALEST,,,
2022-08-22 00:00:00+05:30,80.3,81.05,77.65,78.3,9658549,IBREALEST,,,
2022-08-23 00:00:00+05:30,79.0,79.25,76.4,78.3,8655845,IBREALEST,,,
2022-08-24 00:00:00+05:30,78.85,84.7,78.3,82.9,24685686,IBREALEST,,,
2022-08-25 00:00:00+05:30,83.35,87.9,82.8,85.65,20305477,IBREALEST,,,
2022-08-26 00:00:00+05:30,86.35,87.25,83.65,84.95,9002476,IBREALEST,,,
2022-08-29 00:00:00+05:30,82.1,84.95,81.35,83.95,7870507,IBREALEST,,,
2022-08-30 00:00:00+05:30,84.85,88.75,84.85,86.95,12818500,IBREALEST,,,
2022-09-01 00:00:00+05:30,85.75,89.4,85.5,88.3,10950857,IBREALEST,,,
2022-09-02 00:00:00+05:30,88.75,89.35,86.4,87.15,6845752,IBREALEST,,,
2022-09-05 00:00:00+05:30,87.6,92.1,87.2,90.35,12548066,IBREALEST,,,
2022-09-06 00:00:00+05:30,90.8,94.5,88.3,92.85,16410650,IBREALEST,,,
2022-09-07 00:00:00+05:30,92.0,94.05,92.0,93.25,8801344,IBREALEST,,,
2022-09-08 00:00:00+05:30,94.2,94.4,91.0,91.85,8341533,IBREALEST,,,
2022-09-09 00:00:00+05:30,90.8,90.85,86.0,86.55,16016369,IBREALEST,,,
2022-09-12 00:00:00+05:30,87.0,88.15,85.6,86.25,8414134,IBREALEST,,,
2022-09-13 00:00:00+05:30,86.25,87.0,84.55,85.1,6424392,IBREALEST,,,
2022-09-14 00:00:00+05:30,83.6,85.15,83.05,83.3,7552523,IBREALEST,,,
2022-09-15 00:00:00+05:30,84.0,84.85,81.55,81.9,6991748,IBREALEST,,,
2022-09-16 00:00:00+05:30,81.75,82.65,76.5,76.75,12399968,IBREALEST,,,
2022-09-19 00:00:00+05:30,77.15,80.4,75.7,76.2,11999887,IBREALEST,,,
2022-09-20 00:00:00+05:30,77.1,78.2,74.6,74.9,7471748,IBREALEST,,,
2022-09-21 00:00:00+05:30,75.3,77.7,74.8,76.7,8804191,IBREALEST,,,
2022-09-22 00:00:00+05:30,76.4,79.3,76.2,78.7,8706098,IBREALEST,,,
2022-09-23 00:00:00+05:30,78.55,79.25,75.75,76.5,5378206,IBREALEST,,,
2022-09-26 00:00:00+05:30,75.35,75.55,70.9,72.6,8029456,IBREALEST,,,
2022-09-27 00:00:00+05:30,73.0,73.55,71.0,72.2,4603046,IBREALEST,,,
2022-09-28 00:00:00+05:30,71.85,74.3,71.1,72.5,5486869,IBREALEST,,,
2022-09-29 00:00:00+05:30,73.05,74.7,71.8,72.35,5602679,IBREALEST,,,
2022-09-30 00:00:00+05:30,72.2,79.3,71.55,77.75,16209022,IBREALEST,,,
2022-10-03 00:00:00+05:30,78.05,80.35,73.35,74.0,10884968,IBREALEST,,,
2022-10-04 00:00:00+05:30,75.25,79.4,75.25,78.9,10510170,IBREALEST,,,
2022-10-06 00:00:00+05:30,79.5,82.35,78.7,79.4,11515753,IBREALEST,,,
2022-10-07 00:00:00+05:30,79.2,80.75,76.7,77.85,8997910,IBREALEST,,,
2022-10-10 00:00:00+05:30,76.8,77.25,75.25,76.15,5820139,IBREALEST,,,
2022-10-11 00:00:00+05:30,76.55,77.2,73.5,74.0,5162250,IBREALEST,,,
2022-10-12 00:00:00+05:30,74.4,77.5,72.2,77.1,8751668,IBREALEST,,,
2022-10-13 00:00:00+05:30,77.0,77.45,72.1,74.45,6425293,IBREALEST,,,
2022-10-14 00:00:00+05:30,76.0,76.8,72.85,73.25,5284892,IBREALEST,,,
2022-10-17 00:00:00+05:30,73.5,74.3,72.55,73.45,4811865,IBREALEST,,,
2022-10-18 00:00:00+05:30,74.0,74.6,72.6,73.2,4902008,IBREALEST,,,
2022-10-19 00:00:00+05:30,73.5,76.6,73.2,75.1,8636982,IBREALEST,,,
2022-10-20 00:00:00+05:30,74.3,76.3,73.9,75.7,4264635,IBREALEST,,,
2022-10-21 00:00:00+05:30,76.05,76.2,74.2,74.85,3500507,IBREALEST,,,
2022-10-24 00:00:00+05:30,75.6,76.0,74.6,74.9,933614,IBREALEST,,,
2022-10-25 00:00:00+05:30,75.2,78.1,74.35,77.25,7078963,IBREALEST,,,
2022-10-27 00:00:00+05:30,77.65,79.4,77.4,78.2,5370044,IBREALEST,,,
2022-10-28 00:00:00+05:30,78.05,80.6,77.45,78.5,8703631,IBREALEST,,,
2022-10-31 00:00:00+05:30,78.9,79.3,76.8,77.8,5396977,IBREALEST,,,
2022-11-01 00:00:00+05:30,78.2,78.8,76.1,77.45,4722754,IBREALEST,,,
2022-11-02 00:00:00+05:30,77.45,82.8,77.45,80.7,21126357,IBREALEST,,,
2022-11-03 00:00:00+05:30,79.25,81.25,78.8,79.75,6233463,IBREALEST,,,
2022-11-04 00:00:00+05:30,80.75,80.95,77.55,78.2,8902439,IBREALEST,,,
2022-11-07 00:00:00+05:30,78.5,78.95,76.4,76.95,6304434,IBREALEST,,,
2022-11-09 00:00:00+05:30,77.4,79.55,77.15,78.45,5644228,IBREALEST,,,
2022-11-10 00:00:00+05:30,77.55,78.85,77.25,78.1,4274054,IBREALEST,,,
2022-11-11 00:00:00+05:30,79.1,79.45,77.55,78.1,4210598,IBREALEST,,,
2022-11-14 00:00:00+05:30,81.0,83.75,79.3,82.8,17109596,IBREALEST,,,
2022-11-15 00:00:00+05:30,83.2,84.9,82.15,82.75,9557952,IBREALEST,,,
2022-11-16 00:00:00+05:30,83.2,83.2,80.8,82.2,5588150,IBREALEST,,,
2022-11-17 00:00:00+05:30,82.0,82.6,80.3,81.3,4240210,IBREALEST,,,
2022-11-18 00:00:00+05:30,81.5,87.75,78.75,86.8,19456697,IBREALEST,,,
2022-11-21 00:00:00+05:30,87.0,89.4,83.65,84.25,18618349,IBREALEST,,,
2022-11-22 00:00:00+05:30,83.2,83.7,80.25,80.8,10039549,IBREALEST,,,
2022-11-23 00:00:00+05:30,81.0,82.2,80.4,81.25,6010914,IBREALEST,,,
2022-11-24 00:00:00+05:30,81.5,82.75,79.25,79.6,6353633,IBREALEST,,,
2022-11-25 00:00:00+05:30,80.0,83.7,79.55,81.7,13724490,IBREALEST,,,
2022-11-28 00:00:00+05:30,82.0,84.9,81.75,84.0,9568131,IBREALEST,,,
2022-11-29 00:00:00+05:30,84.4,85.9,83.7,84.8,7209641,IBREALEST,,,
2022-11-30 00:00:00+05:30,85.0,85.9,82.85,83.3,6893086,IBREALEST,,,
2022-12-01 00:00:00+05:30,83.9,85.3,83.05,84.05,5549964,IBREALEST,,,
2022-12-02 00:00:00+05:30,84.1,86.8,83.9,85.85,10451315,IBREALEST,,,
2022-12-05 00:00:00+05:30,86.5,89.2,86.25,87.6,13396585,IBREALEST,,,
2022-12-06 00:00:00+05:30,87.4,90.4,87.1,88.9,12944981,IBREALEST,,,
2022-12-07 00:00:00+05:30,89.3,93.0,87.65,91.2,17694063,IBREALEST,,,
2022-12-08 00:00:00+05:30,91.7,94.0,89.25,90.25,15489138,IBREALEST,,,
2022-12-09 00:00:00+05:30,87.9,88.7,83.1,83.75,18291890,IBREALEST,,,
2022-12-12 00:00:00+05:30,83.05,85.0,82.8,83.25,6822930,IBREALEST,,,
2022-12-13 00:00:00+05:30,83.7,84.2,82.4,82.9,5279137,IBREALEST,,,
2022-12-14 00:00:00+05:30,83.35,86.0,82.35,84.25,10001432,IBREALEST,,,
2022-12-15 00:00:00+05:30,84.55,85.75,83.75,84.1,6053095,IBREALEST,,,
2022-12-16 00:00:00+05:30,83.9,84.9,82.8,84.1,5606515,IBREALEST,,,
2022-12-19 00:00:00+05:30,84.35,86.9,83.8,86.05,7877769,IBREALEST,,,
2022-12-20 00:00:00+05:30,85.5,86.85,85.05,86.25,5443126,IBREALEST,,,
2022-12-21 00:00:00+05:30,86.5,87.4,81.2,81.6,8997588,IBREALEST,,,
2022-12-22 00:00:00+05:30,82.0,82.55,77.55,78.55,7228013,IBREALEST,,,
2022-12-23 00:00:00+05:30,77.85,79.5,73.2,74.2,7374625,IBREALEST,,,
2022-12-26 00:00:00+05:30,74.7,79.2,74.2,78.0,5569011,IBREALEST,,,
2022-12-27 00:00:00+05:30,78.55,81.9,78.55,80.25,6827973,IBREALEST,,,
2022-12-28 00:00:00+05:30,80.25,81.9,79.55,80.4,4700132,IBREALEST,,,
2022-12-29 00:00:00+05:30,79.9,81.3,79.25,80.55,4805902,IBREALEST,,,
2022-12-30 00:00:00+05:30,81.2,83.45,80.55,81.1,6743385,IBREALEST,,,
2023-01-02 00:00:00+05:30,81.35,83.9,81.1,83.25,5703734,IBREALEST,,,
2023-01-03 00:00:00+05:30,83.45,84.9,82.8,83.4,5373835,IBREALEST,,,
2023-01-04 00:00:00+05:30,83.7,83.8,79.8,80.55,5019152,IBREALEST,,,
2023-01-05 00:00:00+05:30,80.95,81.0,77.3,77.8,8232276,IBREALEST,,,
2023-01-06 00:00:00+05:30,77.5,79.65,76.65,77.2,6423338,IBREALEST,,,
2023-01-09 00:00:00+05:30,77.9,79.1,76.7,77.2,5064050,IBREALEST,,,
2023-01-10 00:00:00+05:30,77.4,77.75,75.45,76.35,4012461,IBREALEST,,,
2023-01-11 00:00:00+05:30,76.7,77.6,76.15,76.85,3879381,IBREALEST,,,
2023-01-12 00:00:00+05:30,77.2,78.15,76.3,76.85,4324795,IBREALEST,,,
2023-01-13 00:00:00+05:30,77.1,77.6,76.6,77.15,5690599,IBREALEST,,,
2023-01-16 00:00:00+05:30,77.65,77.7,76.25,76.55,3127799,IBREALEST,,,
2023-01-17 00:00:00+05:30,76.95,78.1,76.1,77.45,4867207,IBREALEST,,,
2023-01-18 00:00:00+05:30,77.55,77.55,76.2,76.5,4793511,IBREALEST,,,
2023-01-19 00:00:00+05:30,76.25,78.25,75.8,76.55,5946136,IBREALEST,,,
2023-01-20 00:00:00+05:30,76.95,77.05,75.1,75.5,3146375,IBREALEST,,,
2023-01-23 00:00:00+05:30,75.9,76.0,73.6,73.9,3536575,IBREALEST,,,
2023-01-24 00:00:00+05:30,74.4,74.65,72.05,72.55,3022041,IBREALEST,,,
2023-01-25 00:00:00+05:30,72.1,72.5,70.45,71.25,3590601,IBREALEST,,,
2023-01-27 00:00:00+05:30,71.85,71.85,66.8,67.9,5161735,IBREALEST,,,
2023-01-30 00:00:00+05:30,68.25,70.45,67.75,69.2,4133268,IBREALEST,,,
2023-01-31 00:00:00+05:30,69.5,73.95,69.15,72.25,4596587,IBREALEST,,,
2023-02-01 00:00:00+05:30,72.6,74.45,68.9,69.65,6621853,IBREALEST,,,
2023-02-02 00:00:00+05:30,69.25,71.4,67.8,69.9,4132448,IBREALEST,,,
2023-02-03 00:00:00+05:30,70.25,70.55,65.5,67.7,6095556,IBREALEST,,,
2023-02-06 00:00:00+05:30,67.15,67.75,65.05,65.95,4502192,IBREALEST,,,
2023-02-07 00:00:00+05:30,66.3,66.3,63.65,64.0,5872814,IBREALEST,,,
2023-02-08 00:00:00+05:30,64.0,64.55,63.5,63.95,5162155,IBREALEST,,,
2023-02-09 00:00:00+05:30,64.35,64.5,62.55,62.9,3810470,IBREALEST,,,
2023-02-10 00:00:00+05:30,63.4,66.0,62.3,64.7,10838056,IBREALEST,,,
2023-02-13 00:00:00+05:30,63.85,63.85,60.0,60.35,7426463,IBREALEST,,,
2023-02-14 00:00:00+05:30,60.65,60.65,50.7,55.85,37368698,IBREALEST,,,
2023-02-15 00:00:00+05:30,55.65,59.3,55.6,57.85,14092504,IBREALEST,,,
2023-02-16 00:00:00+05:30,58.0,58.65,57.3,58.05,5696610,IBREALEST,,,
2023-02-17 00:00:00+05:30,57.9,57.95,55.55,56.1,7685644,IBREALEST,,,
2023-02-20 00:00:00+05:30,56.4,56.4,53.65,54.3,4945247,IBREALEST,,,
2023-02-21 00:00:00+05:30,54.2,54.95,52.75,54.25,6068709,IBREALEST,,,
2023-02-22 00:00:00+05:30,54.0,54.95,52.55,52.95,5432053,IBREALEST,,,
2023-02-23 00:00:00+05:30,53.25,54.35,51.3,52.95,7246787,IBREALEST,,,
2023-02-24 00:00:00+05:30,53.4,60.65,53.3,59.5,37155572,IBREALEST,,,
2023-02-27 00:00:00+05:30,60.0,62.85,59.85,60.9,19705212,IBREALEST,,,
2023-02-28 00:00:00+05:30,62.0,62.25,56.7,57.6,16725435,IBREALEST,,,
2023-03-01 00:00:00+05:30,57.7,60.95,57.7,59.9,9756055,IBREALEST,,,
2023-03-02 00:00:00+05:30,59.6,60.75,58.7,59.4,7812597,IBREALEST,,,
2023-03-03 00:00:00+05:30,59.9,61.9,59.05,61.05,9538394,IBREALEST,,,
2023-03-06 00:00:00+05:30,61.5,63.6,61.15,62.45,7762186,IBREALEST,,,
2023-03-08 00:00:00+05:30,61.3,64.4,60.65,64.1,10051093,IBREALEST,,,
2023-03-09 00:00:00+05:30,64.2,64.7,63.1,63.9,5329573,IBREALEST,,,
2023-03-10 00:00:00+05:30,63.0,63.85,62.2,63.0,5959009,IBREALEST,,,
2023-03-13 00:00:00+05:30,63.35,63.55,58.7,59.5,7554516,IBREALEST,,,
2023-03-14 00:00:00+05:30,59.2,59.5,56.55,57.45,7922623,IBREALEST,,,
2023-03-15 00:00:00+05:30,58.05,58.9,55.8,56.45,6649876,IBREALEST,,,
2023-03-16 00:00:00+05:30,56.2,57.7,54.3,57.2,7615674,IBREALEST,,,
2023-03-17 00:00:00+05:30,57.55,58.65,56.6,57.3,5404880,IBREALEST,,,
2023-03-20 00:00:00+05:30,57.15,57.55,55.3,55.85,5335981,IBREALEST,,,
2023-03-21 00:00:00+05:30,56.3,56.9,55.6,55.95,3752508,IBREALEST,,,
2023-03-22 00:00:00+05:30,56.25,57.0,55.4,55.8,5846017,IBREALEST,,,
2023-03-23 00:00:00+05:30,55.6,56.0,54.5,54.65,4528634,IBREALEST,,,
2023-03-24 00:00:00+05:30,54.55,54.6,51.15,51.6,7032836,IBREALEST,,,
2023-03-27 00:00:00+05:30,52.0,52.4,48.75,49.35,10523513,IBREALEST,,,
2023-03-28 00:00:00+05:30,49.5,49.75,46.2,46.95,9855999,IBREALEST,,,
2023-03-29 00:00:00+05:30,47.05,48.85,45.9,47.85,16017113,IBREALEST,,,
2023-03-31 00:00:00+05:30,48.4,52.0,48.4,48.9,17032260,IBREALEST,,,
2023-04-03 00:00:00+05:30,49.3,50.85,48.95,50.5,8701024,IBREALEST,,,
2023-04-05 00:00:00+05:30,50.9,54.45,50.2,54.0,17486844,IBREALEST,,,
2023-04-06 00:00:00+05:30,54.2,55.9,53.55,54.75,11325123,IBREALEST,,,
2023-04-10 00:00:00+05:30,55.0,56.6,54.8,55.8,8276649,IBREALEST,,,
2023-04-11 00:00:00+05:30,56.2,58.5,56.05,56.75,11426117,IBREALEST,,,
2023-04-12 00:00:00+05:30,57.1,57.45,55.15,55.6,8160358,IBREALEST,,,
2023-04-13 00:00:00+05:30,55.4,58.0,54.8,57.3,8520897,IBREALEST,,,
2023-04-17 00:00:00+05:30,57.25,58.25,56.55,57.1,6482574,IBREALEST,,,
2023-04-18 00:00:00+05:30,57.4,58.9,56.9,58.2,9126466,IBREALEST,,,
2023-04-19 00:00:00+05:30,58.2,58.45,57.25,57.7,4957176,IBREALEST,,,
2023-04-20 00:00:00+05:30,57.6,60.6,57.5,59.45,13031693,IBREALEST,,,
2023-04-21 00:00:00+05:30,59.35,59.35,56.3,56.95,7132196,IBREALEST,,,
2023-04-24 00:00:00+05:30,57.5,65.0,56.9,63.5,54103208,IBREALEST,,,
2023-04-25 00:00:00+05:30,64.0,68.3,63.8,67.8,36817670,IBREALEST,,,
2023-04-26 00:00:00+05:30,67.0,71.45,66.5,70.75,24497880,IBREALEST,,,
2023-04-27 00:00:00+05:30,70.6,72.75,70.0,71.5,16150884,IBREALEST,,,
2023-04-28 00:00:00+05:30,71.5,73.6,71.25,72.8,8134188,IBREALEST,,,
2023-05-02 00:00:00+05:30,73.2,75.8,72.8,73.25,8187870,IBREALEST,,,
2023-05-03 00:00:00+05:30,73.25,73.55,71.1,71.9,4443316,IBREALEST,,,
2023-05-04 00:00:00+05:30,71.6,72.8,71.25,71.75,3029053,IBREALEST,,,
2023-05-05 00:00:00+05:30,71.5,71.85,68.0,68.3,4723708,IBREALEST,,,
2023-05-08 00:00:00+05:30,68.65,70.4,68.45,69.25,2888610,IBREALEST,,,
2023-05-09 00:00:00+05:30,68.95,68.95,55.4,55.4,39339411,IBREALEST,,,
2023-05-10 00:00:00+05:30,52.6,58.7,52.6,55.5,27915442,IBREALEST,,,
2023-05-11 00:00:00+05:30,56.2,58.3,55.6,57.75,10603062,IBREALEST,,,
2023-05-12 00:00:00+05:30,58.0,58.5,56.35,56.55,4078899,IBREALEST,,,
2023-05-15 00:00:00+05:30,56.95,57.95,55.0,56.3,6130752,IBREALEST,,,
2023-05-16 00:00:00+05:30,56.5,57.75,56.5,56.9,3542440,IBREALEST,,,
2023-05-17 00:00:00+05:30,56.9,57.8,55.45,55.85,3695072,IBREALEST,,,
2023-05-18 00:00:00+05:30,56.2,56.6,53.65,54.65,4163504,IBREALEST,,,
2023-05-19 00:00:00+05:30,55.3,55.45,54.0,54.9,2480273,IBREALEST,,,
2023-05-22 00:00:00+05:30,54.75,58.35,54.55,57.05,6854161,IBREALEST,,,
2023-05-23 00:00:00+05:30,57.05,59.15,56.95,57.85,7621960,IBREALEST,,,
2023-05-24 00:00:00+05:30,57.55,65.4,57.3,62.85,27222977,IBREALEST,,,
2023-05-25 00:00:00+05:30,63.0,65.5,62.2,64.85,14490898,IBREALEST,,,
2023-05-26 00:00:00+05:30,64.95,68.2,64.8,67.55,16457741,IBREALEST,,,
2023-05-29 00:00:00+05:30,68.15,68.8,66.05,66.95,8325261,IBREALEST,,,
2023-05-30 00:00:00+05:30,66.9,68.35,65.8,66.45,6139901,IBREALEST,,,
2023-05-31 00:00:00+05:30,62.5,67.95,62.5,67.25,14552497,IBREALEST,,,
2023-06-01 00:00:00+05:30,66.8,69.2,66.1,67.15,8487100,IBREALEST,,,
2023-06-02 00:00:00+05:30,67.6,70.9,67.1,70.5,14344388,IBREALEST,,,
2023-06-05 00:00:00+05:30,70.95,71.3,69.4,69.65,7656625,IBREALEST,,,
2023-06-06 00:00:00+05:30,69.7,70.1,66.6,67.0,6201693,IBREALEST,,,
2023-06-07 00:00:00+05:30,67.4,67.85,66.55,67.1,4786056,IBREALEST,,,
2023-06-08 00:00:00+05:30,67.3,69.0,65.85,66.1,5042944,IBREALEST,,,
2023-06-09 00:00:00+05:30,66.4,66.9,65.1,65.4,3692656,IBREALEST,,,
2023-06-12 00:00:00+05:30,65.75,66.45,63.95,64.4,3610774,IBREALEST,,,
2023-06-13 00:00:00+05:30,64.75,67.7,64.4,64.85,13446192,IBREALEST,,,
2023-06-14 00:00:00+05:30,65.35,65.75,63.3,63.45,8636464,IBREALEST,,,
2023-06-15 00:00:00+05:30,63.8,64.25,61.65,61.9,6346843,IBREALEST,,,
2023-06-16 00:00:00+05:30,62.3,63.0,61.1,61.9,8342076,IBREALEST,,,
2023-06-19 00:00:00+05:30,62.5,62.75,61.15,61.65,4187469,IBREALEST,,,
2023-06-20 00:00:00+05:30,61.65,62.2,60.25,60.4,6070475,IBREALEST,,,
2023-06-21 00:00:00+05:30,61.0,63.95,60.3,60.55,11191443,IBREALEST,,,
2023-06-22 00:00:00+05:30,60.95,61.75,59.55,60.05,6008437,IBREALEST,,,
2023-06-23 00:00:00+05:30,60.4,60.6,58.65,59.25,4682460,IBREALEST,,,
2023-06-26 00:00:00+05:30,59.65,60.05,58.35,58.95,6213615,IBREALEST,,,
2023-06-27 00:00:00+05:30,59.55,59.6,58.05,58.25,7874393,IBREALEST,,,
2023-06-28 00:00:00+05:30,58.6,60.7,58.6,59.4,8008149,IBREALEST,,,
2023-06-30 00:00:00+05:30,59.7,61.65,59.25,60.3,13350288,IBREALEST,,,
2023-07-03 00:00:00+05:30,60.4,61.4,60.3,60.75,4781708,IBREALEST,,,
2023-07-04 00:00:00+05:30,60.9,61.3,59.7,59.95,4919562,IBREALEST,,,
2023-07-05 00:00:00+05:30,60.1,60.85,59.75,60.05,5154943,IBREALEST,,,
2023-07-06 00:00:00+05:30,60.2,63.0,60.15,62.35,14184227,IBREALEST,,,
2023-07-07 00:00:00+05:30,62.45,63.75,61.5,62.75,9748435,IBREALEST,,,
2023-07-10 00:00:00+05:30,63.2,63.35,62.0,62.9,6357206,IBREALEST,,,
2023-07-11 00:00:00+05:30,63.25,64.65,62.6,62.95,9406423,IBREALEST,,,
2023-07-12 00:00:00+05:30,63.05,63.45,61.8,62.8,5034016,IBREALEST,,,
2023-07-13 00:00:00+05:30,63.0,63.5,61.25,61.65,4954364,IBREALEST,,,
2023-07-14 00:00:00+05:30,61.9,62.25,61.0,61.55,3670510,IBREALEST,,,
2023-07-17 00:00:00+05:30,61.8,68.8,61.7,68.3,34136532,IBREALEST,,,
2023-07-18 00:00:00+05:30,68.7,69.4,66.15,66.55,14332682,IBREALEST,,,
2023-07-19 00:00:00+05:30,66.8,67.25,65.45,65.7,7481238,IBREALEST,,,
2023-07-20 00:00:00+05:30,65.9,68.9,65.5,67.1,12798077,IBREALEST,,,
2023-07-21 00:00:00+05:30,66.5,68.0,66.05,66.55,7493390,IBREALEST,,,
2023-07-24 00:00:00+05:30,66.7,69.2,66.35,67.05,7827681,IBREALEST,,,
2023-07-25 00:00:00+05:30,67.3,67.6,65.4,65.85,4852771,IBREALEST,,,
2023-07-26 00:00:00+05:30,65.8,66.95,65.45,66.6,6822153,IBREALEST,,,
2023-07-27 00:00:00+05:30,66.85,68.6,66.65,67.5,7296904,IBREALEST,,,
2023-07-28 00:00:00+05:30,67.5,70.7,67.35,68.6,24139160,IBREALEST,,,
2023-07-31 00:00:00+05:30,69.1,71.05,68.7,69.2,10519586,IBREALEST,,,
2023-08-01 00:00:00+05:30,69.5,69.6,67.65,68.5,7699128,IBREALEST,,,
2023-08-02 00:00:00+05:30,68.3,71.8,65.8,67.5,21298565,IBREALEST,,,
2023-08-03 00:00:00+05:30,67.65,70.1,66.35,69.35,16384653,IBREALEST,,,
2023-08-04 00:00:00+05:30,70.1,71.45,68.85,69.25,14244313,IBREALEST,,,
2023-08-07 00:00:00+05:30,69.6,70.9,68.1,69.45,8427516,IBREALEST,,,
2023-08-08 00:00:00+05:30,69.95,70.3,68.0,68.25,5585819,IBREALEST,,,
2023-08-09 00:00:00+05:30,68.7,68.75,66.5,67.15,8438906,IBREALEST,,,
2023-08-10 00:00:00+05:30,67.4,68.3,65.65,66.15,6773189,IBREALEST,,,
2023-08-11 00:00:00+05:30,65.2,66.0,63.75,64.15,8011670,IBREALEST,,,
2023-08-14 00:00:00+05:30,64.0,65.75,62.3,64.9,7751233,IBREALEST,,,
2023-08-16 00:00:00+05:30,64.55,64.55,63.3,63.9,4751625,IBREALEST,,,
2023-08-17 00:00:00+05:30,64.0,65.8,63.65,63.9,6326505,IBREALEST,,,
2023-08-18 00:00:00+05:30,64.15,64.55,63.2,63.4,4219167,IBREALEST,,,
2023-08-21 00:00:00+05:30,63.7,65.1,63.6,63.8,4066291,IBREALEST,,,
2023-08-22 00:00:00+05:30,64.1,64.7,63.5,63.6,3936214,IBREALEST,,,
2023-08-23 00:00:00+05:30,63.85,64.25,62.6,62.7,5190828,IBREALEST,,,
2023-08-24 00:00:00+05:30,63.2,69.8,63.1,69.25,46066886,IBREALEST,,,
2023-08-25 00:00:00+05:30,68.45,72.0,68.05,71.55,42095661,IBREALEST,,,
2023-08-28 00:00:00+05:30,72.35,75.4,72.1,74.4,43323613,IBREALEST,,,
2023-08-29 00:00:00+05:30,74.9,79.0,74.75,78.4,40822710,IBREALEST,,,
2023-08-30 00:00:00+05:30,78.9,81.3,78.6,79.9,23920716,IBREALEST,,,
2023-08-31 00:00:00+05:30,80.25,81.7,77.95,79.95,22532147,IBREALEST,,,
2023-09-01 00:00:00+05:30,80.8,82.7,79.3,81.15,19042342,IBREALEST,,,
2023-09-04 00:00:00+05:30,81.55,82.8,78.9,79.3,16442569,IBREALEST,,,
2023-09-05 00:00:00+05:30,79.8,80.75,77.4,78.2,11985046,IBREALEST,,,
2023-09-06 00:00:00+05:30,78.5,84.5,78.3,83.0,41761855,IBREALEST,,,
2023-09-07 00:00:00+05:30,83.1,84.8,82.0,84.1,15672634,IBREALEST,,,
2023-09-08 00:00:00+05:30,84.35,84.5,81.8,82.15,10353270,IBREALEST,,,
2023-09-11 00:00:00+05:30,82.65,83.1,80.45,82.45,10593006,IBREALEST,,,
2023-09-12 00:00:00+05:30,82.95,83.0,72.9,73.95,27746755,IBREALEST,,,
2023-09-13 00:00:00+05:30,74.1,79.2,73.3,77.6,23705771,IBREALEST,,,
2023-09-14 00:00:00+05:30,78.85,80.85,78.2,79.5,15349296,IBREALEST,,,
2023-09-15 00:00:00+05:30,79.8,80.25,77.7,78.1,8858532,IBREALEST,,,
2023-09-18 00:00:00+05:30,77.9,78.2,75.95,76.8,7755342,IBREALEST,,,
2023-09-20 00:00:00+05:30,76.5,80.8,75.15,79.9,16029343,IBREALEST,,,
2023-09-21 00:00:00+05:30,79.3,79.6,76.75,77.25,9271380,IBREALEST,,,
2023-09-22 00:00:00+05:30,77.55,79.8,76.05,78.35,10832215,IBREALEST,,,
2023-09-25 00:00:00+05:30,78.45,87.0,78.3,85.65,64907027,IBREALEST,,,
2023-09-26 00:00:00+05:30,85.45,85.45,82.3,82.65,14629413,IBREALEST,,,
2023-09-27 00:00:00+05:30,82.5,86.4,81.65,85.25,25439877,IBREALEST,,,
2023-09-28 00:00:00+05:30,85.25,87.3,83.0,83.8,22099425,IBREALEST,,,
2023-09-29 00:00:00+05:30,84.3,84.9,82.7,83.25,9938358,IBREALEST,,,
2023-10-03 00:00:00+05:30,82.95,83.55,81.6,82.15,7588542,IBREALEST,,,
2023-10-04 00:00:00+05:30,82.2,84.15,78.0,79.85,15521589,IBREALEST,,,
2023-10-05 00:00:00+05:30,80.5,82.0,79.8,80.35,7232929,IBREALEST,,,
2023-10-06 00:00:00+05:30,80.55,83.15,79.6,82.45,12182508,IBREALEST,,,
2023-10-09 00:00:00+05:30,80.0,81.0,77.5,77.95,10411046,IBREALEST,,,
2023-10-10 00:00:00+05:30,78.9,82.5,78.7,81.9,15060982,IBREALEST,,,
2023-10-11 00:00:00+05:30,82.4,83.7,81.15,81.6,7622448,IBREALEST,,,
2023-10-12 00:00:00+05:30,81.8,82.0,80.35,80.7,6017162,IBREALEST,,,
2023-10-13 00:00:00+05:30,80.0,82.0,79.8,80.3,5692988,IBREALEST,,,
2023-10-16 00:00:00+05:30,80.35,82.65,80.3,81.2,6849036,IBREALEST,,,
2023-10-17 00:00:00+05:30,82.0,82.2,80.7,81.05,4653174,IBREALEST,,,
2023-10-18 00:00:00+05:30,81.25,81.45,78.0,78.4,7667978,IBREALEST,,,
2023-10-19 00:00:00+05:30,77.8,80.75,77.55,80.35,7611945,IBREALEST,,,
2023-10-20 00:00:00+05:30,80.3,82.0,78.65,79.1,6969116,IBREALEST,,,
2023-10-23 00:00:00+05:30,79.1,79.45,72.0,72.8,10270641,IBREALEST,,,
2023-10-25 00:00:00+05:30,73.6,76.9,70.5,71.95,7606262,IBREALEST,,,
2023-10-26 00:00:00+05:30,71.95,72.5,69.0,71.3,8719329,IBREALEST,,,
2023-10-27 00:00:00+05:30,72.0,74.5,72.0,73.85,6230956,IBREALEST,,,
2023-10-30 00:00:00+05:30,73.9,75.4,72.4,74.4,5693258,IBREALEST,,,
2023-10-31 00:00:00+05:30,74.7,76.5,72.45,73.2,8979196,IBREALEST,,,
2023-11-01 00:00:00+05:30,72.0,76.1,71.75,73.35,7659331,IBREALEST,,,
2023-11-02 00:00:00+05:30,74.35,74.9,73.35,73.95,4202157,IBREALEST,,,
2023-11-03 00:00:00+05:30,74.7,79.4,74.35,77.5,24612401,IBREALEST,,,
2023-11-06 00:00:00+05:30,78.05,78.8,76.5,77.1,6369301,IBREALEST,,,
2023-11-07 00:00:00+05:30,77.0,79.4,75.5,78.8,13435265,IBREALEST,,,
2023-11-08 00:00:00+05:30,79.1,81.8,78.85,80.0,15476322,IBREALEST,,,
2023-11-09 00:00:00+05:30,80.0,83.95,79.6,80.8,15025786,IBREALEST,,,
2023-11-10 00:00:00+05:30,80.7,82.0,79.6,80.5,8069861,IBREALEST,,,
2023-11-13 00:00:00+05:30,80.85,80.9,79.35,80.1,5979206,IBREALEST,,,
2023-11-15 00:00:00+05:30,80.9,83.4,80.85,81.8,14737286,IBREALEST,,,
2023-11-16 00:00:00+05:30,82.2,83.6,81.25,82.75,10436832,IBREALEST,,,
2023-11-17 00:00:00+05:30,82.75,84.75,82.0,83.05,14835205,IBREALEST,,,
2023-11-20 00:00:00+05:30,83.0,84.05,80.2,80.65,8783420,IBREALEST,,,
2023-11-21 00:00:00+05:30,81.1,82.25,80.0,81.05,7214583,IBREALEST,,,
2023-11-22 00:00:00+05:30,81.05,81.9,78.3,79.5,8015420,IBREALEST,,,
2023-11-23 00:00:00+05:30,80.0,87.7,79.75,84.25,45414055,IBREALEST,,,
2023-11-24 00:00:00+05:30,83.5,83.9,81.55,81.9,10658950,IBREALEST,,,
2023-11-28 00:00:00+05:30,82.25,82.65,81.0,81.35,6696726,IBREALEST,,,
2023-11-29 00:00:00+05:30,81.8,82.95,80.2,81.15,9286155,IBREALEST,,,
2023-11-30 00:00:00+05:30,81.45,83.35,79.65,82.9,14851523,IBREALEST,,,
2023-12-01 00:00:00+05:30,83.35,84.9,82.1,82.75,16956653,IBREALEST,,,
2023-12-04 00:00:00+05:30,84.3,84.95,83.2,83.4,12529184,IBREALEST,,,
2023-12-05 00:00:00+05:30,83.9,84.75,81.7,82.0,8593557,IBREALEST,,,
2023-12-06 00:00:00+05:30,82.55,84.35,81.0,81.55,11556827,IBREALEST,,,
2023-12-07 00:00:00+05:30,81.85,83.45,81.55,82.05,9600736,IBREALEST,,,
2023-12-08 00:00:00+05:30,82.6,90.8,82.5,89.9,86245383,IBREALEST,,,
2023-12-11 00:00:00+05:30,91.0,94.4,90.4,91.9,37677913,IBREALEST,,,
2023-12-12 00:00:00+05:30,92.0,93.35,88.75,89.35,22390587,IBREALEST,,,
2023-12-13 00:00:00+05:30,88.4,88.9,84.8,85.2,26750520,IBREALEST,,,
2023-12-14 00:00:00+05:30,86.5,89.8,86.4,87.25,22221675,IBREALEST,,,
2023-12-15 00:00:00+05:30,87.95,89.5,87.05,87.5,13040470,IBREALEST,,,
2023-12-18 00:00:00+05:30,88.25,92.5,87.25,91.65,28691395,IBREALEST,,,
2023-12-19 00:00:00+05:30,92.0,98.8,90.8,96.2,67119695,IBREALEST,,,
2023-12-20 00:00:00+05:30,97.5,97.8,84.6,86.3,35546296,IBREALEST,,,
2023-12-21 00:00:00+05:30,85.7,90.35,84.25,89.5,19168715,IBREALEST,,,
2023-12-22 00:00:00+05:30,89.95,90.95,87.6,89.4,11421221,IBREALEST,,,
2023-12-26 00:00:00+05:30,89.4,91.6,89.15,89.7,8081073,IBREALEST,,,
2023-12-27 00:00:00+05:30,90.2,91.75,88.55,89.4,8829798,IBREALEST,,,
2023-12-28 00:00:00+05:30,89.85,89.95,86.8,87.75,11343462,IBREALEST,,,
2023-12-29 00:00:00+05:30,88.1,88.95,86.55,87.15,9576193,IBREALEST,,,
2024-01-01 00:00:00+05:30,87.55,89.0,87.4,87.8,6232515,IBREALEST,,,
2024-01-02 00:00:00+05:30,88.35,88.5,85.35,87.4,7543006,IBREALEST,,,
2024-01-03 00:00:00+05:30,87.4,90.15,86.9,88.4,11694869,IBREALEST,,,
2024-01-04 00:00:00+05:30,88.85,96.45,88.6,94.35,46519467,IBREALEST,,,
2024-01-05 00:00:00+05:30,96.0,102.4,95.2,97.35,65267943,IBREALEST,,,
2024-01-08 00:00:00+05:30,97.95,101.0,97.8,98.9,22660906,IBREALEST,,,
2024-01-09 00:00:00+05:30,99.7,101.6,98.1,99.0,16934876,IBREALEST,,,
2024-01-10 00:00:00+05:30,99.1,104.55,97.2,102.25,41891829,IBREALEST,,,
2024-01-11 00:00:00+05:30,103.0,103.7,99.2,100.1,19912722,IBREALEST,,,
2024-01-12 00:00:00+05:30,100.7,102.2,99.35,100.1,12266908,IBREALEST,,,
2024-01-15 00:00:00+05:30,100.65,100.75,97.9,98.7,8141276,IBREALEST,,,
2024-01-16 00:00:00+05:30,98.5,99.25,93.25,95.25,12192235,IBREALEST,,,
2024-01-17 00:00:00+05:30,93.8,100.3,93.4,96.95,15904150,IBREALEST,,,
2024-01-18 00:00:00+05:30,97.0,99.6,92.6,98.25,20169499,IBREALEST,,,
2024-01-19 00:00:00+05:30,98.9,99.5,96.65,98.05,8742896,IBREALEST,,,
2024-01-23 00:00:00+05:30,102.0,103.7,93.4,94.5,21276625,IBREALEST,,,
2024-01-24 00:00:00+05:30,94.15,99.1,93.25,98.25,13077228,IBREALEST,,,
2024-01-25 00:00:00+05:30,98.25,103.8,98.1,102.25,25472463,IBREALEST,,,
2024-01-29 00:00:00+05:30,102.75,106.65,98.6,99.3,26367896,IBREALEST,,,
2024-01-30 00:00:00+05:30,99.95,102.7,98.6,99.6,18562166,IBREALEST,,,
2024-01-31 00:00:00+05:30,99.9,100.55,97.5,98.0,14386052,IBREALEST,,,
2024-02-01 00:00:00+05:30,98.5,100.2,98.2,99.2,13438748,IBREALEST,,,
2024-02-02 00:00:00+05:30,100.2,102.2,99.5,100.7,16768427,IBREALEST,,,
2024-02-05 00:00:00+05:30,101.15,108.0,100.8,103.1,39366293,IBREALEST,,,
2024-02-06 00:00:00+05:30,103.5,115.7,103.4,114.15,67959146,IBREALEST,,,
2024-02-07 00:00:00+05:30,117.25,119.3,112.95,114.2,39378032,IBREALEST,,,
2024-02-08 00:00:00+05:30,115.35,123.85,114.15,122.2,51583753,IBREALEST,,,
2024-02-09 00:00:00+05:30,123.7,126.9,113.1,125.35,62805584,IBREALEST,,,
2024-02-12 00:00:00+05:30,125.4,125.5,115.2,117.4,44162534,IBREALEST,,,
2024-02-13 00:00:00+05:30,115.0,118.0,109.05,113.1,24222707,IBREALEST,,,
2024-02-14 00:00:00+05:30,109.55,121.3,108.45,118.7,32509027,IBREALEST,,,
2024-02-15 00:00:00+05:30,119.7,122.0,117.0,119.05,18732905,IBREALEST,,,
2024-02-16 00:00:00+05:30,119.75,121.1,117.8,118.65,13335426,IBREALEST,,,
2024-02-19 00:00:00+05:30,119.4,123.5,118.4,118.7,14110930,IBREALEST,,,
2024-02-20 00:00:00+05:30,119.3,121.85,119.0,120.9,12335287,IBREALEST,,,
2024-02-21 00:00:00+05:30,121.5,124.0,116.85,118.35,25005339,IBREALEST,,,
2024-02-22 00:00:00+05:30,118.8,120.4,114.4,119.75,13636566,IBREALEST,,,
2024-02-23 00:00:00+05:30,120.25,127.0,119.3,124.1,35207362,IBREALEST,,,
2024-02-26 00:00:00+05:30,124.55,128.65,123.45,124.65,18815359,IBREALEST,,,
2024-02-27 00:00:00+05:30,124.95,125.0,119.7,120.25,11484846,IBREALEST,,,
2024-02-28 00:00:00+05:30,120.0,120.0,112.5,113.7,14102133,IBREALEST,,,
2024-02-29 00:00:00+05:30,112.1,120.7,111.55,119.45,19943762,IBREALEST,,,
2024-03-01 00:00:00+05:30,119.7,121.55,117.2,120.2,13844844,IBREALEST,,,
2024-03-04 00:00:00+05:30,122.0,124.6,120.9,122.25,15644657,IBREALEST,,,
2024-03-05 00:00:00+05:30,122.25,122.75,117.1,117.8,15187536,IBREALEST,,,
2024-03-06 00:00:00+05:30,107.95,114.5,102.7,106.5,40911516,IBREALEST,,,
2024-03-07 00:00:00+05:30,107.25,115.9,105.35,114.3,24241883,IBREALEST,,,
2024-03-11 00:00:00+05:30,114.45,116.75,108.6,110.15,12586636,IBREALEST,,,
2024-03-12 00:00:00+05:30,110.15,114.0,105.4,109.8,20304965,IBREALEST,,,
2024-03-13 00:00:00+05:30,109.55,112.5,96.1,99.2,27816301,IBREALEST,,,
2024-03-14 00:00:00+05:30,99.8,107.85,98.05,106.15,21746600,IBREALEST,,,
2024-03-15 00:00:00+05:30,106.05,117.8,105.25,116.8,39274993,IBREALEST,,,
2024-03-18 00:00:00+05:30,117.7,121.8,116.5,120.55,21907335,IBREALEST,,,
2024-03-19 00:00:00+05:30,120.8,121.7,107.25,108.3,43234587,IBREALEST,,,
2024-03-20 00:00:00+05:30,110.0,112.4,107.5,110.25,19199000,IBREALEST,,,
2024-03-21 00:00:00+05:30,112.0,112.8,109.4,110.25,13057443,IBREALEST,,,
2024-03-22 00:00:00+05:30,110.15,118.75,109.8,112.95,25527283,IBREALEST,,,
2024-03-26 00:00:00+05:30,112.9,117.2,110.5,114.1,17873306,IBREALEST,,,
2024-03-27 00:00:00+05:30,114.4,116.9,113.5,114.75,16196878,IBREALEST,,,
2024-03-28 00:00:00+05:30,115.35,119.1,115.2,115.95,16603082,IBREALEST,,,
2024-04-01 00:00:00+05:30,116.6,119.95,116.6,117.9,13875896,IBREALEST,,,
2024-04-02 00:00:00+05:30,118.5,128.4,118.1,126.7,34214812,IBREALEST,,,
2024-04-03 00:00:00+05:30,127.95,131.3,127.1,128.15,25739022,IBREALEST,,,
2024-04-04 00:00:00+05:30,129.0,136.55,129.0,135.55,46094632,IBREALEST,,,
2024-04-05 00:00:00+05:30,135.55,139.25,131.5,137.45,28682446,IBREALEST,,,
2024-04-08 00:00:00+05:30,142.0,144.3,134.0,138.55,53191899,IBREALEST,,,
2024-04-09 00:00:00+05:30,139.4,145.4,138.4,142.45,31511630,IBREALEST,,,
2024-04-10 00:00:00+05:30,143.45,145.7,142.55,143.4,17700931,IBREALEST,,,
2024-04-12 00:00:00+05:30,143.4,143.65,135.7,136.45,20004915,IBREALEST,,,
2024-04-15 00:00:00+05:30,133.9,135.4,129.35,131.4,16933048,IBREALEST,,,
2024-04-16 00:00:00+05:30,129.7,135.8,129.15,134.1,15411784,IBREALEST,,,
2024-04-18 00:00:00+05:30,135.6,138.2,134.0,134.3,11725559,IBREALEST,,,
2024-04-19 00:00:00+05:30,130.1,133.85,128.6,131.45,16498619,IBREALEST,,,
2024-04-22 00:00:00+05:30,134.0,135.7,132.25,134.2,10470886,IBREALEST,,,
2024-04-23 00:00:00+05:30,135.0,144.7,135.0,143.45,28508102,IBREALEST,,,
2024-04-24 00:00:00+05:30,144.9,145.1,138.2,139.45,15897420,IBREALEST,,,
2024-04-25 00:00:00+05:30,139.5,141.1,136.1,137.6,10165355,IBREALEST,,,
2024-04-26 00:00:00+05:30,138.3,139.45,135.55,136.25,7408934,IBREALEST,,,
2024-04-29 00:00:00+05:30,132.55,135.15,131.15,133.25,14334698,IBREALEST,,,
2024-04-30 00:00:00+05:30,134.5,137.6,131.8,132.6,8440727,IBREALEST,,,
2024-05-02 00:00:00+05:30,134.0,134.45,129.5,129.95,8928655,IBREALEST,,,
2024-05-03 00:00:00+05:30,130.7,132.8,124.15,127.7,15907099,IBREALEST,,,
2024-05-06 00:00:00+05:30,128.1,128.75,119.0,119.75,23623004,IBREALEST,,,
2024-05-07 00:00:00+05:30,120.5,124.35,118.0,119.55,18328166,IBREALEST,,,
2024-05-08 00:00:00+05:30,119.9,123.85,117.2,121.5,11545834,IBREALEST,,,
2024-05-09 00:00:00+05:30,121.5,123.4,117.6,118.3,9730606,IBREALEST,,,
2024-05-10 00:00:00+05:30,119.5,122.35,114.1,121.55,13095294,IBREALEST,,,
2024-05-13 00:00:00+05:30,121.15,121.45,116.0,117.55,12352638,IBREALEST,,,
2024-05-14 00:00:00+05:30,118.65,120.4,117.65,118.45,10569853,IBREALEST,,,
2024-05-15 00:00:00+05:30,118.7,122.0,118.45,119.2,12732639,IBREALEST,,,
2024-05-16 00:00:00+05:30,120.4,122.25,119.15,120.5,9683121,IBREALEST,,,
2024-05-17 00:00:00+05:30,121.0,125.9,120.65,124.75,13558303,IBREALEST,,,
2024-05-21 00:00:00+05:30,127.5,130.8,125.7,128.55,10498225,IBREALEST,,,
2024-05-22 00:00:00+05:30,130.1,134.3,129.0,133.4,21831867,IBREALEST,,,
2024-05-23 00:00:00+05:30,135.15,141.8,135.15,137.0,30108239,IBREALEST,,,
2024-05-24 00:00:00+05:30,137.9,141.4,136.65,138.7,14196268,IBREALEST,,,
2024-05-27 00:00:00+05:30,140.0,143.45,137.0,137.7,18049069,IBREALEST,,,
2024-05-28 00:00:00+05:30,138.5,138.5,131.15,131.85,16337937,IBREALEST,,,
2024-05-29 00:00:00+05:30,131.5,135.1,129.3,134.4,11000739,IBREALEST,,,
2024-05-30 00:00:00+05:30,134.4,134.85,131.45,132.15,8349894,IBREALEST,,,
2024-05-31 00:00:00+05:30,132.65,134.6,130.3,133.3,9960524,IBREALEST,,,
2024-06-03 00:00:00+05:30,140.0,140.0,135.05,135.8,13057210,IBREALEST,,,
2024-06-04 00:00:00+05:30,136.0,136.0,109.0,116.8,28952000,IBREALEST,,,
2024-06-05 00:00:00+05:30,119.0,127.35,113.6,126.8,13192633,IBREALEST,,,
2024-06-06 00:00:00+05:30,127.75,133.35,127.5,130.75,9895545,IBREALEST,,,
2024-06-07 00:00:00+05:30,131.0,133.3,129.65,132.55,8419900,IBREALEST,,,
2024-06-10 00:00:00+05:30,133.25,135.0,133.01,134.07,8643896,IBREALEST,,,
2024-06-11 00:00:00+05:30,134.91,136.2,134.2,135.25,9492343,IBREALEST,,,
2024-06-12 00:00:00+05:30,135.95,137.7,134.6,136.39,8881168,IBREALEST,,,
2024-06-13 00:00:00+05:30,137.19,139.15,135.75,136.46,8393790,IBREALEST,,,
2024-06-14 00:00:00+05:30,137.05,140.5,134.42,138.82,14784058,IBREALEST,,,
2024-06-18 00:00:00+05:30,139.65,140.6,136.72,137.42,9385097,IBREALEST,,,
2024-06-19 00:00:00+05:30,138.0,138.1,133.5,136.92,9832078,IBREALEST,,,
2024-06-20 00:00:00+05:30,136.97,161.0,136.26,154.93,87811190,IBREALEST,,,
2024-06-21 00:00:00+05:30,156.7,162.92,154.21,156.41,31686544,IBREALEST,,,
2024-06-24 00:00:00+05:30,155.0,164.36,153.1,160.35,30243945,IBREALEST,,,
2024-06-25 00:00:00+05:30,160.51,161.03,152.2,153.95,15138775,IBREALEST,,,
2024-06-26 00:00:00+05:30,153.99,157.5,153.1,154.26,11192784,IBREALEST,,,
2024-06-27 00:00:00+05:30,153.66,153.99,143.23,144.57,26756893,IBREALEST,,,
2024-06-28 00:00:00+05:30,143.0,147.75,142.22,145.06,19361504,IBREALEST,,,
2024-07-01 00:00:00+05:30,145.45,150.75,143.65,148.92,13174894,IBREALEST,,,
2024-07-02 00:00:00+05:30,149.46,155.0,148.2,152.83,20117906,IBREALEST,,,
2024-07-03 00:00:00+05:30,154.1,157.8,150.81,151.26,12846919,IBREALEST,,,
2024-07-04 00:00:00+05:30,152.5,153.4,148.52,148.98,8940760,IBREALEST,,,
2024-07-05 00:00:00+05:30,149.19,153.0,148.6,150.35,9300816,IBREALEST,,,
2024-07-08 00:00:00+05:30,150.75,151.72,145.89,147.49,5152855,IBREALEST,,,
2024-07-09 00:00:00+05:30,147.71,148.4,145.0,146.96,4149111,IBREALEST,,,
2024-07-10 00:00:00+05:30,146.99,147.0,136.8,141.36,7966993,IBREALEST,,,
2024-07-11 00:00:00+05:30,142.0,144.15,141.1,141.56,4252082,IBREALEST,,,
2024-07-12 00:00:00+05:30,142.09,142.35,137.51,138.47,6508198,IBREALEST,,,
2024-07-15 00:00:00+05:30,139.15,141.74,135.6,140.04,6581656,IBREALEST,,,
2024-07-16 00:00:00+05:30,140.98,143.1,137.01,138.05,5093784,IBREALEST,,,
2024-07-18 00:00:00+05:30,138.1,138.2,134.21,134.72,4476651,IBREALEST,,,
2024-07-19 00:00:00+05:30,134.5,134.99,129.2,130.92,5496042,IBREALEST,,,
2024-07-22 00:00:00+05:30,129.5,134.77,127.8,130.98,5931548,IBREALEST,,,
2024-07-23 00:00:00+05:30,131.89,132.6,123.05,131.55,5747902,IBREALEST,,,
2024-07-24 00:00:00+05:30,132.35,138.49,132.0,136.34,6862795,IBREALEST,,,
2024-07-25 00:00:00+05:30,134.49,138.61,134.0,135.11,3944364,IBREALEST,,,
2024-07-26 00:00:00+05:30,135.0,141.25,134.8,139.0,5067298,IBREALEST,,,
2024-07-29 00:00:00+05:30,139.75,142.5,135.48,136.3,4192315,IBREALEST,,,
2024-07-30 00:00:00+05:30,136.5,138.25,135.0,135.93,3811535,IBREALEST,,,
2024-07-31 00:00:00+05:30,136.18,140.8,134.81,135.85,6309653,IBREALEST,,,
2024-08-01 00:00:00+05:30,136.55,137.2,132.51,134.03,3919184,IBREALEST,,,
2024-08-02 00:00:00+05:30,132.0,133.69,130.35,132.54,4626513,IBREALEST,,,
2024-08-05 00:00:00+05:30,128.05,129.22,122.25,124.85,7282874,IBREALEST,,,
2024-08-06 00:00:00+05:30,126.34,132.79,126.34,129.24,7875045,IBREALEST,,,
2024-08-07 00:00:00+05:30,133.8,134.4,124.3,126.32,7882361,IBREALEST,,,
2024-08-08 00:00:00+05:30,126.8,128.4,123.5,124.02,3983790,IBREALEST,,,
2024-08-09 00:00:00+05:30,126.04,127.08,122.0,122.96,3616476,IBREALEST,,,
2024-08-12 00:00:00+05:30,122.96,131.1,120.5,129.74,8290431,IBREALEST,,,
2024-08-13 00:00:00+05:30,131.0,134.5,130.52,132.27,7434546,IBREALEST,,,
2024-08-14 00:00:00+05:30,131.9,132.38,126.79,129.4,4007898,IBREALEST,,,
2024-08-16 00:00:00+05:30,131.99,133.86,128.51,129.78,4488978,IBREALEST,,,
2024-08-19 00:00:00+05:30,130.2,131.49,129.3,129.9,2798773,IBREALEST,,,
2024-08-20 00:00:00+05:30,130.75,133.6,130.7,131.57,3514518,IBREALEST,,,
2024-08-21 00:00:00+05:30,131.75,132.19,130.3,131.02,3106362,IBREALEST,,,
2024-08-22 00:00:00+05:30,131.59,143.34,131.5,142.17,16264350,IBREALEST,,,
2024-08-23 00:00:00+05:30,142.5,145.74,138.55,139.73,10466630,IBREALEST,,,
2024-08-26 00:00:00+05:30,139.05,142.49,137.62,138.33,4954474,IBREALEST,,,
2024-08-27 00:00:00+05:30,138.32,150.99,137.0,148.9,23116368,IBREALEST,,,
2024-08-28 00:00:00+05:30,148.9,150.4,138.11,138.63,13040415,IBREALEST,,,
2024-08-29 00:00:00+05:30,138.92,139.4,133.1,135.04,6881844,IBREALEST,,,
2024-08-30 00:00:00+05:30,135.6,136.9,131.9,132.76,5023314,IBREALEST,,,
2024-09-02 00:00:00+05:30,133.25,134.19,130.1,130.44,4501409,IBREALEST,,,
2024-09-03 00:00:00+05:30,131.0,134.1,131.0,132.52,3706751,IBREALEST,,,
2024-09-04 00:00:00+05:30,131.2,136.29,130.4,131.38,6635716,IBREALEST,,,
2024-09-05 00:00:00+05:30,132.37,134.2,132.1,132.79,3634480,IBREALEST,,,
2024-09-06 00:00:00+05:30,133.1,133.45,127.21,128.26,5942816,IBREALEST,,,
2024-09-09 00:00:00+05:30,128.25,128.86,124.86,127.73,4057618,IBREALEST,,,
2024-09-10 00:00:00+05:30,128.3,130.7,128.3,129.66,3843136,IBREALEST,,,
2024-09-11 00:00:00+05:30,130.0,130.4,125.1,125.72,4761065,IBREALEST,,,
2024-09-12 00:00:00+05:30,126.41,129.41,124.84,128.88,4451131,IBREALEST,,,
2024-09-13 00:00:00+05:30,129.35,133.49,128.7,129.62,4962525,IBREALEST,,,
2024-09-16 00:00:00+05:30,130.25,130.8,127.68,128.24,2253817,IBREALEST,,,
2024-09-17 00:00:00+05:30,128.7,129.64,126.05,126.35,2762727,IBREALEST,,,
2024-09-18 00:00:00+05:30,126.7,128.51,124.6,125.12,4114107,IBREALEST,,,
2024-09-19 00:00:00+05:30,125.9,126.74,118.1,120.44,8818872,IBREALEST,,,
2024-09-20 00:00:00+05:30,121.0,127.65,121.0,125.64,11589654,IBREALEST,,,
2024-09-23 00:00:00+05:30,125.7,127.83,124.1,125.35,5385980,IBREALEST,,,
2024-09-24 00:00:00+05:30,125.75,128.4,125.12,126.17,3526416,IBREALEST,,,
2024-09-25 00:00:00+05:30,126.2,131.3,126.08,129.64,6153370,IBREALEST,,,
2024-09-26 00:00:00+05:30,129.7,129.89,126.59,127.23,3156571,IBREALEST,,,
2024-09-27 00:00:00+05:30,127.1,135.0,125.4,128.03,16803730,IBREALEST,,,
2024-09-30 00:00:00+05:30,127.1,128.76,125.5,127.25,4097468,IBREALEST,,,
2024-10-01 00:00:00+05:30,127.45,128.85,125.8,126.51,3075691,IBREALEST,,,
2024-10-03 00:00:00+05:30,124.79,126.03,122.6,123.65,3871684,IBREALEST,,,
2024-10-04 00:00:00+05:30,124.05,125.5,120.05,122.84,4620924,IBREALEST,,,
2024-10-07 00:00:00+05:30,123.35,124.56,117.2,119.4,5611962,IBREALEST,,,
2024-10-08 00:00:00+05:30,118.85,123.0,117.15,120.97,4487745,IBREALEST,,,
2024-10-09 00:00:00+05:30,122.25,125.25,120.5,121.01,4522712,IBREALEST,,,
2024-10-10 00:00:00+05:30,122.0,123.17,121.1,121.77,2525139,IBREALEST,,,
2024-10-11 00:00:00+05:30,122.35,131.4,120.7,129.38,11430395,IBREALEST,,,
2024-10-14 00:00:00+05:30,130.5,130.88,127.5,128.81,4206756,IBREALEST,,,
2024-10-15 00:00:00+05:30,129.14,131.8,126.3,129.83,6626338,IBREALEST,,,
2024-10-16 00:00:00+05:30,129.83,133.5,129.83,131.61,5600285,IBREALEST,,,
2024-10-17 00:00:00+05:30,131.99,132.32,128.0,128.78,3484139,IBREALEST,,,
2024-10-18 00:00:00+05:30,128.22,134.3,126.01,132.42,7954189,IBREALEST,,,
2024-10-21 00:00:00+05:30,133.0,135.18,128.8,129.82,5754295,IBREALEST,,,
2024-10-22 00:00:00+05:30,130.7,133.4,113.0,113.93,18222019,IBREALEST,,,
2024-10-23 00:00:00+05:30,114.0,120.64,112.75,118.39,7738596,IBREALEST,,,
2024-10-24 00:00:00+05:30,120.0,120.5,113.55,114.64,7367614,IBREALEST,,,
2024-10-25 00:00:00+05:30,115.0,115.85,106.2,107.65,8443576,IBREALEST,,,
2024-10-28 00:00:00+05:30,108.5,109.77,106.0,106.53,7201642,IBREALEST,,,
2024-10-29 00:00:00+05:30,107.25,109.77,105.71,107.19,4515258,IBREALEST,,,
2024-10-30 00:00:00+05:30,107.8,109.92,107.14,108.14,5564351,IBREALEST,,,
2024-10-31 00:00:00+05:30,108.74,112.51,107.76,110.34,5408448,IBREALEST,,,
2024-11-01 00:00:00+05:30,111.0,112.0,110.42,111.12,1086976,IBREALEST,,,
2024-11-04 00:00:00+05:30,111.25,111.49,105.41,106.31,5747457,IBREALEST,,,
2024-11-05 00:00:00+05:30,106.8,109.39,105.22,108.73,6523979,IBREALEST,,,
2024-11-06 00:00:00+05:30,109.6,119.2,109.21,118.05,11687018,IBREALEST,,,
2024-11-07 00:00:00+05:30,118.4,123.95,117.14,122.85,10139534,IBREALEST,,,
2024-11-08 00:00:00+05:30,122.0,123.6,119.21,120.92,4802519,IBREALEST,,,
2024-11-11 00:00:00+05:30,120.39,122.67,117.0,122.01,6643495,IBREALEST,,,
2024-11-12 00:00:00+05:30,122.5,125.49,120.15,121.26,6492292,IBREALEST,,,
2024-11-13 00:00:00+05:30,120.0,120.34,113.5,114.7,7586879,IBREALEST,,,
2024-11-14 00:00:00+05:30,115.95,120.0,115.41,117.96,5189306,IBREALEST,,,
2024-11-18 00:00:00+05:30,118.4,122.74,118.02,121.25,6214908,IBREALEST,,,
2024-11-19 00:00:00+05:30,122.7,125.22,119.0,120.61,3882748,IBREALEST,,,
2024-11-21 00:00:00+05:30,120.49,120.49,116.5,117.95,3743298,IBREALEST,,,
2024-11-22 00:00:00+05:30,119.31,119.85,117.49,118.3,2680773,IBREALEST,,,
2024-11-25 00:00:00+05:30,120.65,123.4,119.5,122.07,4936350,IBREALEST,,,
2024-11-26 00:00:00+05:30,122.25,132.8,122.2,129.76,11898788,IBREALEST,,,
2024-11-27 00:00:00+05:30,131.0,136.5,130.35,136.13,10024786,IBREALEST,,,
2024-11-28 00:00:00+05:30,136.5,137.4,133.45,135.04,6168245,IBREALEST,,,
2024-11-29 00:00:00+05:30,135.6,139.3,133.11,136.95,5500986,IBREALEST,,,
2024-12-02 00:00:00+05:30,136.95,139.59,135.2,136.31,4463632,IBREALEST,,,
2024-12-03 00:00:00+05:30,137.0,139.6,136.31,136.72,3609291,IBREALEST,,,
2024-12-04 00:00:00+05:30,137.0,140.8,135.75,138.1,6092932,IBREALEST,,,
2024-12-05 00:00:00+05:30,138.6,139.2,136.4,137.07,3445658,IBREALEST,,,
2024-12-06 00:00:00+05:30,137.1,137.3,130.11,131.12,6977642,IBREALEST,,,
2024-12-09 00:00:00+05:30,130.29,135.9,129.68,130.64,6233483,IBREALEST,,,
2024-12-10 00:00:00+05:30,131.25,135.61,127.83,132.88,9170133,IBREALEST,,,
2024-12-11 00:00:00+05:30,132.2,135.0,129.34,133.34,9332477,IBREALEST,,,
2024-12-12 00:00:00+05:30,134.7,134.75,129.01,129.99,4146574,IBREALEST,,,
2024-12-13 00:00:00+05:30,129.15,129.42,125.2,128.44,4778784,IBREALEST,,,
2024-12-16 00:00:00+05:30,128.8,132.7,128.55,131.57,4504011,IBREALEST,,,
2024-12-17 00:00:00+05:30,131.41,136.7,130.87,131.42,8133359,IBREALEST,,,
2024-12-18 00:00:00+05:30,131.94,133.3,129.59,130.72,4474514,IBREALEST,,,
2024-12-19 00:00:00+05:30,128.1,128.99,127.0,127.45,3339183,IBREALEST,,,
2024-12-20 00:00:00+05:30,127.46,128.89,118.76,120.11,5627469,IBREALEST,,,
2024-12-23 00:00:00+05:30,121.6,122.45,117.0,117.58,3961292,IBREALEST,,,
2024-12-24 00:00:00+05:30,118.0,119.4,116.5,116.94,2525863,IBREALEST,,,
2024-12-26 00:00:00+05:30,117.45,119.34,116.0,116.92,3276528,IBREALEST,,,
2024-12-27 00:00:00+05:30,117.45,118.94,116.0,116.33,2486254,IBREALEST,,,
2024-12-30 00:00:00+05:30,116.39,118.14,115.2,116.05,3205563,IBREALEST,,,
2024-12-31 00:00:00+05:30,116.0,116.53,114.4,115.87,2253270,IBREALEST,,,
2025-01-01 00:00:00+05:30,116.1,124.4,116.0,123.69,7065255,IBREALEST,,,
2025-01-02 00:00:00+05:30,124.0,124.75,122.2,123.78,3161864,IBREALEST,,,
2025-01-03 00:00:00+05:30,123.67,131.75,123.51,130.2,8157746,IBREALEST,,,
2025-01-06 00:00:00+05:30,130.2,131.39,118.65,119.65,6917631,IBREALEST,,,
2025-01-07 00:00:00+05:30,123.6,143.58,123.6,143.58,37366245,IBREALEST,,,
2025-01-08 00:00:00+05:30,154.4,154.7,142.35,143.34,46488285,IBREALEST,,,
2025-01-09 00:00:00+05:30,142.99,143.5,134.4,135.19,9275587,IBREALEST,,,
2025-01-10 00:00:00+05:30,137.0,140.94,131.34,132.17,14684583,IBREALEST,,,
2025-01-13 00:00:00+05:30,134.8,137.4,125.52,126.92,14958024,IBREALEST,,,
2025-01-14 00:00:00+05:30,128.99,132.78,125.74,129.33,6465671,IBREALEST,,,
2025-01-15 00:00:00+05:30,129.5,132.5,124.98,126.9,6626854,IBREALEST,,,
2025-01-16 00:00:00+05:30,129.7,132.5,127.5,128.0,5340942,IBREALEST,,,
2025-01-17 00:00:00+05:30,127.4,143.44,126.8,142.37,20050358,IBREALEST,,,
2025-01-20 00:00:00+05:30,141.2,160.0,141.0,154.84,33284595,IBREALEST,,,
2025-01-21 00:00:00+05:30,153.1,163.69,153.09,156.01,26655124,IBREALEST,,,
2025-01-22 00:00:00+05:30,157.1,159.0,147.2,149.94,21289095,IBREALEST,,,
2025-01-23 00:00:00+05:30,149.25,153.2,146.63,150.96,13783869,IBREALEST,,,
2025-01-24 00:00:00+05:30,150.0,151.22,145.35,146.85,7210364,IBREALEST,,,
2025-01-27 00:00:00+05:30,147.9,147.9,136.5,139.16,10095987,IBREALEST,,,
2025-01-28 00:00:00+05:30,141.0,143.04,133.44,136.8,10507279,IBREALEST,,,
2025-01-29 00:00:00+05:30,137.49,147.5,137.34,142.35,7887686,IBREALEST,,,
2025-01-30 00:00:00+05:30,142.1,148.8,139.56,145.85,8042384,IBREALEST,,,
2025-01-31 00:00:00+05:30,149.99,150.8,144.52,145.69,6567345,IBREALEST,,,
2025-02-01 00:00:00+05:30,145.92,151.9,141.75,147.07,8811485,IBREALEST,,,
2025-02-03 00:00:00+05:30,144.98,147.64,142.1,143.77,4067920,IBREALEST,,,
2025-02-04 00:00:00+05:30,145.1,152.8,145.1,150.88,10814842,IBREALEST,,,
2025-02-05 00:00:00+05:30,152.5,155.79,148.52,150.6,8398750,IBREALEST,,,
2025-02-06 00:00:00+05:30,151.1,156.9,151.01,153.68,7454398,IBREALEST,,,
2025-02-07 00:00:00+05:30,154.0,154.99,147.2,149.4,5932557,IBREALEST,,,
2025-02-10 00:00:00+05:30,149.0,149.35,143.2,144.11,4926818,IBREALEST,,,
2025-02-11 00:00:00+05:30,143.98,144.29,134.01,135.78,5986759,IBREALEST,,,
2025-02-12 00:00:00+05:30,135.15,137.18,128.7,134.88,6233972,IBREALEST,,,
2025-02-13 00:00:00+05:30,134.55,143.9,134.5,137.78,7662904,IBREALEST,,,
2025-02-14 00:00:00+05:30,139.1,139.97,129.09,133.63,8025269,IBREALEST,,,
2025-02-17 00:00:00+05:30,132.01,134.23,128.3,130.73,7045990,IBREALEST,,,
2025-02-18 00:00:00+05:30,131.08,132.38,124.55,127.75,8908237,IBREALEST,,,
2025-02-19 00:00:00+05:30,126.98,135.4,125.6,133.73,4977229,IBREALEST,,,
2025-02-20 00:00:00+05:30,133.26,136.7,132.5,133.1,4829813,IBREALEST,,,
2025-02-21 00:00:00+05:30,133.6,137.9,131.11,131.62,4204690,IBREALEST,,,
2025-02-24 00:00:00+05:30,129.99,134.7,128.75,133.04,3739297,IBREALEST,,,
2025-02-25 00:00:00+05:30,133.0,134.35,126.35,127.53,3828533,IBREALEST,,,
2025-02-27 00:00:00+05:30,128.0,128.25,117.0,117.9,7590600,IBREALEST,,,
2025-02-28 00:00:00+05:30,116.61,118.82,113.35,114.89,9774376,IBREALEST,,,
2025-03-03 00:00:00+05:30,115.45,117.79,107.15,110.56,8593953,IBREALEST,,,
2025-03-04 00:00:00+05:30,110.1,116.9,108.9,115.23,6741422,IBREALEST,,,
2025-03-05 00:00:00+05:30,115.78,119.25,115.78,117.85,6473108,IBREALEST,,,
2025-03-06 00:00:00+05:30,119.0,122.34,116.56,117.31,5472672,IBREALEST,,,
2025-03-07 00:00:00+05:30,118.0,121.77,117.04,120.53,4518645,IBREALEST,,,
2025-03-10 00:00:00+05:30,120.15,123.0,112.1,113.16,4656662,IBREALEST,,,
2025-03-11 00:00:00+05:30,111.0,116.27,109.57,114.38,5518756,IBREALEST,,,
2025-03-12 00:00:00+05:30,115.6,116.47,109.76,111.2,4416490,IBREALEST,,,
2025-03-13 00:00:00+05:30,111.7,112.74,108.98,109.37,3673788,IBREALEST,,,
2025-03-17 00:00:00+05:30,110.05,111.09,106.0,107.11,4004571,IBREALEST,,,
2025-03-18 00:00:00+05:30,107.11,107.11,107.11,107.11,0,IBREALEST,,,
2025-03-19 00:00:00+05:30,109.15,111.8,107.5,110.01,10711891,IBREALEST,,,
2025-03-20 00:00:00+05:30,111.15,120.09,111.15,115.36,14971139,IBREALEST,,,
2025-03-21 00:00:00+05:30,115.7,119.99,114.22,119.28,10598969,IBREALEST,,,
2025-03-24 00:00:00+05:30,120.9,122.65,117.06,117.36,5699911,IBREALEST,,,
2025-03-25 00:00:00+05:30,118.24,119.35,113.0,113.82,4648289,IBREALEST,,,
2025-03-26 00:00:00+05:30,113.98,114.76,108.2,108.84,6418676,IBREALEST,,,
2025-03-27 00:00:00+05:30,109.05,117.0,108.2,116.14,12765705,IBREALEST,,,
2025-03-28 00:00:00+05:30,116.89,118.49,113.81,115.86,7983722,IBREALEST,,,
2025-04-01 00:00:00+05:30,115.0,115.75,113.11,113.97,3538204,IBREALEST,,,
2025-04-02 00:00:00+05:30,114.41,115.83,112.39,115.31,3804946,IBREALEST,,,
2025-04-03 00:00:00+05:30,113.7,117.04,113.7,116.39,3038894,IBREALEST,,,
2025-04-04 00:00:00+05:30,116.4,116.65,108.11,110.68,5826161,IBREALEST,,,
2025-04-07 00:00:00+05:30,102.89,104.17,95.0,98.75,13682426,IBREALEST,,,
2025-04-08 00:00:00+05:30,102.8,104.2,100.0,103.54,5170430,IBREALEST,,,
2025-04-09 00:00:00+05:30,103.2,103.43,100.26,101.22,3535024,IBREALEST,,,
2025-04-11 00:00:00+05:30,104.0,104.08,99.21,100.39,7283535,IBREALEST,,,
2025-04-15 00:00:00+05:30,102.2,104.94,101.36,104.44,7289482,IBREALEST,,,
2025-04-16 00:00:00+05:30,104.9,108.7,104.43,107.07,6315959,IBREALEST,,,
2025-04-17 00:00:00+05:30,107.5,108.42,105.41,106.91,4974908,IBREALEST,,,
2025-04-21 00:00:00+05:30,107.2,108.2,105.1,107.17,6295579,IBREALEST,,,
2025-04-22 00:00:00+05:30,107.77,111.4,107.52,109.56,7354543,IBREALEST,,,
2025-04-23 00:00:00+05:30,110.1,110.7,105.45,106.62,7177052,IBREALEST,,,
2025-04-24 00:00:00+05:30,107.0,108.89,106.36,107.72,4232131,IBREALEST,,,
2025-04-25 00:00:00+05:30,108.21,108.74,101.57,103.46,6093634,IBREALEST,,,
2025-04-28 00:00:00+05:30,103.6,104.29,101.46,101.78,4343040,IBREALEST,,,
2025-04-29 00:00:00+05:30,102.21,105.29,102.0,102.22,3104305,IBREALEST,,,
2025-04-30 00:00:00+05:30,102.02,103.23,97.01,98.0,7064876,IBREALEST,,,
2025-05-02 00:00:00+05:30,99.1,100.96,97.14,97.79,6078757,IBREALEST,,,
2025-05-05 00:00:00+05:30,99.19,100.23,96.7,97.01,5267627,IBREALEST,,,
2025-05-06 00:00:00+05:30,97.4,97.95,92.2,93.7,6064836,IBREALEST,,,
2025-05-07 00:00:00+05:30,90.45,93.4,90.45,92.94,4994901,IBREALEST,,,
2025-05-08 00:00:00+05:30,93.19,96.7,91.0,91.56,4105564,IBREALEST,,,
2025-05-09 00:00:00+05:30,90.0,92.09,89.22,91.29,3983595,IBREALEST,,,
2025-05-12 00:00:00+05:30,94.0,98.3,94.0,97.77,3839209,IBREALEST,,,
2025-05-13 00:00:00+05:30,98.0,99.74,97.06,99.01,2834998,IBREALEST,,,
2025-05-14 00:00:00+05:30,99.1,102.4,98.9,101.81,3210498,IBREALEST,,,
2025-05-15 00:00:00+05:30,102.19,102.3,100.3,101.75,3860290,IBREALEST,,,
2025-05-16 00:00:00+05:30,102.11,104.81,101.99,103.92,4219868,IBREALEST,,,
2025-05-19 00:00:00+05:30,104.4,108.07,104.0,105.76,4607933,IBREALEST,,,
2025-05-20 00:00:00+05:30,106.3,106.5,102.5,102.84,2752518,IBREALEST,,,
2025-05-21 00:00:00+05:30,102.84,104.59,101.0,104.3,3695182,IBREALEST,,,
2025-05-22 00:00:00+05:30,103.55,106.05,102.14,102.49,3955184,IBREALEST,,,
2025-05-23 00:00:00+05:30,103.5,106.45,102.62,105.71,3506493,IBREALEST,,,
2025-05-26 00:00:00+05:30,106.19,107.07,104.5,104.77,2760594,IBREALEST,,,
2025-05-27 00:00:00+05:30,105.0,105.25,103.05,103.54,2104608,IBREALEST,,,
2025-05-28 00:00:00+05:30,104.1,107.65,103.7,105.25,4233371,IBREALEST,,,
2025-05-29 00:00:00+05:30,105.8,107.76,104.8,106.46,5603596,IBREALEST,,,
2025-05-30 00:00:00+05:30,112.0,113.87,107.1,111.43,17211318,IBREALEST,,,
2025-06-02 00:00:00+05:30,111.79,115.75,111.05,112.11,6852735,IBREALEST,,,
2025-06-03 00:00:00+05:30,112.7,114.12,110.71,111.29,3736242,IBREALEST,,,
2025-06-04 00:00:00+05:30,111.8,111.8,109.11,110.08,2460791,IBREALEST,,,
2025-06-05 00:00:00+05:30,110.58,113.83,110.46,112.28,4437559,IBREALEST,,,
2025-06-06 00:00:00+05:30,112.8,115.5,112.7,114.41,6675465,IBREALEST,,,
2025-06-09 00:00:00+05:30,115.0,116.95,114.41,115.91,4610007,IBREALEST,,,
2025-06-10 00:00:00+05:30,116.2,117.14,113.77,115.32,4436974,IBREALEST,,,
2025-06-11 00:00:00+05:30,115.39,119.65,114.5,117.52,8217337,IBREALEST,,,
2025-06-12 00:00:00+05:30,117.52,117.52,112.75,113.27,5254719,IBREALEST,,,
2025-06-13 00:00:00+05:30,109.0,115.2,108.0,114.59,5612691,IBREALEST,,,
2025-06-16 00:00:00+05:30,114.94,116.0,111.24,115.51,5937047,IBREALEST,,,
2025-06-17 00:00:00+05:30,115.5,119.67,114.74,117.13,8591472,IBREALEST,,,
2025-06-18 00:00:00+05:30,116.79,120.8,115.55,117.05,6832050,IBREALEST,,,
2025-06-19 00:00:00+05:30,116.99,118.06,111.91,114.88,6820877,IBREALEST,,,
2025-06-20 00:00:00+05:30,114.09,117.74,113.66,116.83,5634861,IBREALEST,,,
2025-06-23 00:00:00+05:30,116.75,122.66,115.65,121.37,14334337,IBREALEST,,,
2025-06-24 00:00:00+05:30,122.5,123.01,118.01,118.48,5328138,IBREALEST,,,
2025-06-25 00:00:00+05:30,119.0,128.0,118.08,127.0,17414025,IBREALEST,,,
2025-06-26 00:00:00+05:30,127.45,127.51,123.15,123.78,5671650,IBREALEST,,,
2025-06-27 00:00:00+05:30,124.75,126.08,122.68,123.29,4667978,IBREALEST,,,
2025-06-30 00:00:00+05:30,123.98,127.0,123.7,124.21,4643152,IBREALEST,,,
2025-07-01 00:00:00+05:30,124.84,127.29,123.0,123.75,3911746,IBREALEST,,,
2025-07-02 00:00:00+05:30,124.36,124.75,118.05,118.83,6569524,IBREALEST,,,
2025-07-03 00:00:00+05:30,119.0,120.3,117.1,117.83,3264823,IBREALEST,,,
2025-07-04 00:00:00+05:30,118.0,119.25,115.5,116.82,3595521,IBREALEST,,,
2025-07-07 00:00:00+05:30,116.84,118.35,115.4,115.59,2009919,IBREALEST,,,
2025-07-08 00:00:00+05:30,115.9,116.66,113.5,114.97,2541028,IBREALEST,,,
2025-07-09 00:00:00+05:30,115.39,119.1,114.69,118.59,3895529,IBREALEST,,,
2025-07-10 00:00:00+05:30,119.09,121.8,118.23,119.71,4580586,IBREALEST,,,
2025-07-11 00:00:00+05:30,119.6,120.6,117.2,118.63,3051486,IBREALEST,,,
2025-07-14 00:00:00+05:30,117.61,118.08,114.46,115.11,3952674,IBREALEST,,,
2025-07-15 00:00:00+05:30,115.8,118.07,115.65,117.15,2875530,IBREALEST,,,
2025-07-16 00:00:00+05:30,117.39,118.48,116.15,117.26,2426784,IBREALEST,,,
2025-07-17 00:00:00+05:30,117.69,120.35,116.87,117.33,4643084,IBREALEST,,,
2025-07-18 00:00:00+05:30,117.8,121.85,116.99,118.97,5560133,IBREALEST,,,
2025-07-21 00:00:00+05:30,118.96,119.22,117.04,118.23,3118770,IBREALEST,,,
2025-07-22 00:00:00+05:30,118.5,120.3,117.6,119.29,3313760,IBREALEST,,,
2025-07-23 00:00:00+05:30,119.89,120.5,117.3,119.09,2962198,IBREALEST,,,
2025-07-24 00:00:00+05:30,119.3,120.06,115.64,116.15,2481183,IBREALEST,,,
2025-07-25 00:00:00+05:30,116.25,117.02,111.8,112.41,2670710,IBREALEST,,,
2025-07-28 00:00:00+05:30,112.41,113.72,108.12,109.17,3058662,IBREALEST,,,
2025-07-29 00:00:00+05:30,109.0,110.44,107.8,108.38,4613887,IBREALEST,,,
2025-07-30 00:00:00+05:30,108.98,109.49,105.06,105.44,4108097,IBREALEST,,,
2025-07-31 00:00:00+05:30,105.0,107.19,102.76,105.46,6546896,IBREALEST,,,
2025-08-01 00:00:00+05:30,105.8,106.36,102.1,102.93,2739987,IBREALEST,,,
2025-08-04 00:00:00+05:30,103.39,104.43,101.6,102.79,3853332,IBREALEST,,,
2025-08-05 00:00:00+05:30,103.05,104.89,102.0,102.88,2788881,IBREALEST,,,
2025-08-06 00:00:00+05:30,103.0,103.29,98.3,99.34,4738724,IBREALEST,,,
2025-08-07 00:00:00+05:30,98.95,99.34,96.2,98.73,3942326,IBREALEST,,,
2025-08-08 00:00:00+05:30,99.15,99.54,95.0,95.85,3059985,IBREALEST,,,
2025-08-11 00:00:00+05:30,95.85,96.23,93.85,95.2,4293283,IBREALEST,,,
2025-08-12 00:00:00+05:30,92.0,95.9,91.14,93.6,6272151,IBREALEST,,,
2025-08-13 00:00:00+05:30,94.0,94.28,92.05,93.76,3297462,IBREALEST,,,
2025-08-14 00:00:00+05:30,93.76,95.73,93.04,93.48,2539914,IBREALEST,,,
2025-08-18 00:00:00+05:30,94.2,95.72,93.81,94.41,2595588,IBREALEST,,,
2025-08-19 00:00:00+05:30,94.94,102.59,94.4,101.31,6985520,IBREALEST,,,
2025-08-20 00:00:00+05:30,101.68,101.76,99.46,100.9,2354527,IBREALEST,,,
2025-08-21 00:00:00+05:30,101.19,102.3,98.6,99.5,2372747,IBREALEST,,,
2025-08-22 00:00:00+05:30,99.5,100.5,98.66,99.69,1852686,IBREALEST,,,
2025-08-25 00:00:00+05:30,100.0,101.27,98.6,98.93,2142393,IBREALEST,,,
2025-08-26 00:00:00+05:30,98.0,99.07,95.8,96.17,2237117,IBREALEST,,,
2025-08-28 00:00:00+05:30,96.9,98.58,94.42,94.83,3425296,IBREALEST,,,
2025-08-29 00:00:00+05:30,95.3,95.5,93.18,93.62,2741176,IBREALEST,,,
2025-09-01 00:00:00+05:30,93.99,95.45,93.8,94.29,3029071,IBREALEST,,,
2025-09-02 00:00:00+05:30,94.99,100.82,94.9,98.73,6095771,IBREALEST,,,
2025-09-03 00:00:00+05:30,98.46,101.0,98.1,100.32,2679340,IBREALEST,,,
2025-09-04 00:00:00+05:30,101.5,101.9,97.0,97.4,3447398,IBREALEST,,,
2025-09-05 00:00:00+05:30,97.7,98.4,95.37,96.89,2916085,IBREALEST,,,
2025-09-08 00:00:00+05:30,97.22,97.79,94.8,95.08,2228983,IBREALEST,,,
2025-09-09 00:00:00+05:30,95.68,96.25,93.85,94.24,2498284,IBREALEST,,,
2025-09-10 00:00:00+05:30,94.74,95.62,93.32,94.02,4717479,IBREALEST,,,
2025-09-11 00:00:00+05:30,94.27,96.15,93.65,93.85,3576283,IBREALEST,,,
2025-09-12 00:00:00+05:30,94.31,95.47,92.7,93.19,4815580,IBREALEST,,,
2025-09-15 00:00:00+05:30,93.6,100.65,93.2,98.22,13485793,IBREALEST,,,
2025-09-16 00:00:00+05:30,98.24,100.8,96.21,98.62,7104906,IBREALEST,,,
2025-09-17 00:00:00+05:30,98.7,99.25,97.66,98.16,4170521,IBREALEST,,,
2025-09-18 00:00:00+05:30,98.1,105.7,98.1,104.21,19834616,IBREALEST,,,
2025-09-19 00:00:00+05:30,103.89,104.49,98.6,100.16,14521106,IBREALEST,,,
2025-09-22 00:00:00+05:30,99.7,101.18,97.0,97.75,6134232,IBREALEST,,,
2025-09-23 00:00:00+05:30,98.2,98.24,96.47,97.68,3827734,IBREALEST,,,
2025-09-24 00:00:00+05:30,97.5,97.7,94.5,94.82,4496510,IBREALEST,,,
2025-09-25 00:00:00+05:30,94.95,95.0,93.2,93.4,3482808,IBREALEST,,,
2025-09-26 00:00:00+05:30,93.48,93.64,91.26,91.56,3732004,IBREALEST,,,
2025-09-29 00:00:00+05:30,91.99,94.68,91.5,92.75,5704601,IBREALEST,,,
2025-09-30 00:00:00+05:30,93.09,94.42,91.0,92.23,4004877,IBREALEST,,,
2025-10-01 00:00:00+05:30,93.0,98.25,93.0,97.7,12369966,IBREALEST,,,
2025-10-03 00:00:00+05:30,99.0,99.21,96.1,96.68,5017594,IBREALEST,,,
2025-10-06 00:00:00+05:30,96.9,97.02,94.3,95.29,4172138,IBREALEST,,,
2025-10-07 00:00:00+05:30,95.3,96.5,93.74,94.71,3746369,IBREALEST,,,
2025-10-08 00:00:00+05:30,94.8,95.99,93.01,93.35,3066612,IBREALEST,,,
2025-10-09 00:00:00+05:30,93.8,94.32,93.24,93.95,2724259,IBREALEST,,,
2025-10-10 00:00:00+05:30,94.09,97.42,93.8,95.07,5610405,IBREALEST,,,
2025-10-13 00:00:00+05:30,94.6,94.74,92.83,92.99,3499741,IBREALEST,,,
2025-10-14 00:00:00+05:30,93.4,94.98,91.75,92.14,4762242,IBREALEST,,,
2025-10-15 00:00:00+05:30,92.45,93.67,92.2,93.32,3159317,IBREALEST,,,
2025-10-16 00:00:00+05:30,93.5999984741211,95.45999908447266,93.33999633789062,93.63999938964844,2918278,,0.0,0.0,0.0
2025-10-17 00:00:00+05:30,93.7699966430664,93.95999908447266,91.91000366210938,92.76000213623048,3254305,,0.0,0.0,0.0
2025-10-20 00:00:00+05:30,93.0,94.41999816894533,92.3000030517578,93.91000366210938,5642219,,0.0,0.0,0.0
2025-10-21 00:00:00+05:30,94.33999633789062,94.6999969482422,93.30999755859376,93.70999908447266,877800,,0.0,0.0,0.0
2025-10-23 00:00:00+05:30,94.55999755859376,95.3000030517578,93.6500015258789,94.11000061035156,3712692,,0.0,0.0,0.0
2025-10-24 00:00:00+05:30,93.6999969482422,95.33999633789062,93.22000122070312,94.05999755859376,3093486,,0.0,0.0,0.0
2025-10-27 00:00:00+05:30,94.58999633789062,95.87000274658205,92.37000274658205,92.55999755859376,4294674,,0.0,0.0,0.0
2025-10-28 00:00:00+05:30,92.5999984741211,94.13999938964844,91.8499984741211,92.19000244140624,4107539,,0.0,0.0,0.0
2025-10-29 00:00:00+05:30,92.4499969482422,94.3000030517578,91.8499984741211,94.0999984741211,4224038,,0.0,0.0,0.0
2025-10-30 00:00:00+05:30,94.0,95.55000305175781,93.70999908447266,93.91999816894531,3913695,,0.0,0.0,0.0
2025-10-31 00:00:00+05:30,94.0,95.4800033569336,92.47000122070312,92.87000274658203,3344442,,0.0,0.0,0.0
2025-11-03 00:00:00+05:30,92.75,94.62000274658203,92.69999694824219,93.77999877929688,2948546,,0.0,0.0,0.0
