Date,Open,High,Low,Close,Volume,Name
2020-10-16 00:00:00+05:30,273.0000,275.7000,261.2500,273.0500,694638,INOXLEISUR
2020-10-19 00:00:00+05:30,274.4500,274.8500,265.5500,267.3000,260005,INOXLEISUR
2020-10-20 00:00:00+05:30,268.0000,269.2500,261.7500,266.6500,412678,INOXLEISUR
2020-10-21 00:00:00+05:30,269.0000,270.0000,262.2000,265.2500,218422,INOXLEISUR
2020-10-22 00:00:00+05:30,264.5000,264.9500,261.2000,262.3000,180169,INOXLEISUR
2020-10-23 00:00:00+05:30,264.0000,268.9500,262.3000,264.6500,169761,INOXLEISUR
2020-10-26 00:00:00+05:30,264.6500,271.5500,263.1000,265.2500,298003,INOXLEISUR
2020-10-27 00:00:00+05:30,264.0000,265.9500,261.0500,263.7000,130191,INOXLEISUR
2020-10-28 00:00:00+05:30,264.6000,266.0000,260.3500,263.0000,329909,INOXLEISUR
2020-10-29 00:00:00+05:30,260.0000,262.0000,254.5500,255.5500,216810,INOXLEISUR
2020-10-30 00:00:00+05:30,259.3000,260.5000,251.2000,253.6500,146845,INOXLEISUR
2020-11-02 00:00:00+05:30,257.7000,261.5500,252.6500,257.8000,261693,INOXLEISUR
2020-11-03 00:00:00+05:30,261.0000,267.9000,256.4000,259.7500,396257,INOXLEISUR
2020-11-04 00:00:00+05:30,266.8500,271.8000,263.2500,264.2500,666049,INOXLEISUR
2020-11-05 00:00:00+05:30,274.0000,279.5000,268.0000,275.7000,1124327,INOXLEISUR
2020-11-06 00:00:00+05:30,280.6000,280.6000,264.0000,266.4000,730217,INOXLEISUR
2020-11-09 00:00:00+05:30,269.0000,269.6500,265.0500,267.0500,283373,INOXLEISUR
2020-11-10 00:00:00+05:30,278.9000,280.0000,270.8000,273.1000,1268147,INOXLEISUR
2020-11-11 00:00:00+05:30,274.0000,274.0000,266.0000,269.1000,417779,INOXLEISUR
2020-11-12 00:00:00+05:30,270.1000,270.1500,262.3000,269.1500,614678,INOXLEISUR
2020-11-13 00:00:00+05:30,269.1500,270.1000,265.0500,267.1500,1036046,INOXLEISUR
2020-11-14 00:00:00+05:30,272.0000,275.0000,270.0000,273.3000,181329,INOXLEISUR
2020-11-17 00:00:00+05:30,276.0000,278.8000,267.5500,269.0000,832170,INOXLEISUR
2020-11-18 00:00:00+05:30,271.0000,271.0000,266.0000,268.3000,449950,INOXLEISUR
2020-11-19 00:00:00+05:30,268.4500,271.8500,264.0500,266.0000,511939,INOXLEISUR
2020-11-20 00:00:00+05:30,266.9500,268.9500,262.0000,263.6500,423761,INOXLEISUR
2020-11-23 00:00:00+05:30,263.8000,265.0000,254.4500,259.9500,1150112,INOXLEISUR
2020-11-24 00:00:00+05:30,260.1000,263.0000,260.1000,262.0000,334004,INOXLEISUR
2020-11-25 00:00:00+05:30,264.9000,270.8500,261.3000,265.1000,1026423,INOXLEISUR
2020-11-26 00:00:00+05:30,266.4500,270.0000,263.5000,266.0500,467706,INOXLEISUR
2020-11-27 00:00:00+05:30,268.9500,272.1500,266.0500,270.5500,708092,INOXLEISUR
2020-12-01 00:00:00+05:30,274.9500,275.0000,271.0000,274.0500,557926,INOXLEISUR
2020-12-02 00:00:00+05:30,274.9500,277.8000,272.6000,275.8500,392611,INOXLEISUR
2020-12-03 00:00:00+05:30,277.8000,284.0000,277.0000,281.3500,641341,INOXLEISUR
2020-12-04 00:00:00+05:30,285.8000,285.8000,275.0000,279.8500,851814,INOXLEISUR
2020-12-07 00:00:00+05:30,282.0000,284.2000,280.1000,282.3500,670176,INOXLEISUR
2020-12-08 00:00:00+05:30,283.9000,284.0000,276.0500,279.5500,1735222,INOXLEISUR
2020-12-09 00:00:00+05:30,282.9500,299.8000,279.6500,291.8000,4028772,INOXLEISUR
2020-12-10 00:00:00+05:30,294.0000,297.5500,286.4500,292.7000,1510730,INOXLEISUR
2020-12-11 00:00:00+05:30,295.0000,298.0000,289.8500,291.8000,961435,INOXLEISUR
2020-12-14 00:00:00+05:30,292.9500,293.6500,287.5000,289.3500,586921,INOXLEISUR
2020-12-15 00:00:00+05:30,289.9000,290.7500,283.0000,284.3000,675497,INOXLEISUR
2020-12-16 00:00:00+05:30,284.8500,287.0000,281.2000,282.0000,674743,INOXLEISUR
2020-12-17 00:00:00+05:30,283.8000,288.9500,280.0000,280.7500,727839,INOXLEISUR
2020-12-18 00:00:00+05:30,281.0500,284.9000,275.1000,281.5500,624518,INOXLEISUR
2020-12-21 00:00:00+05:30,283.0000,284.9500,258.4000,268.8000,1117296,INOXLEISUR
2020-12-22 00:00:00+05:30,260.0000,270.9500,253.0000,268.5000,1208759,INOXLEISUR
2020-12-23 00:00:00+05:30,271.3500,281.1000,265.0500,280.1000,948895,INOXLEISUR
2020-12-24 00:00:00+05:30,282.9000,282.9000,276.6000,278.0500,490192,INOXLEISUR
2020-12-28 00:00:00+05:30,275.5000,284.3500,275.5000,282.8000,980478,INOXLEISUR
2020-12-29 00:00:00+05:30,284.8000,286.0000,278.3000,281.0000,784436,INOXLEISUR
2020-12-30 00:00:00+05:30,283.3000,283.3000,278.2500,280.7500,258645,INOXLEISUR
2020-12-31 00:00:00+05:30,282.0000,283.0000,271.0000,282.3000,389122,INOXLEISUR
2021-01-01 00:00:00+05:30,282.9500,292.0000,282.3500,286.8500,2185469,INOXLEISUR
2021-01-04 00:00:00+05:30,292.9500,306.0000,288.4500,303.9000,3514621,INOXLEISUR
2021-01-05 00:00:00+05:30,304.0000,319.8000,296.9500,315.0000,3689023,INOXLEISUR
2021-01-06 00:00:00+05:30,317.9000,340.8500,317.0000,333.5500,5010108,INOXLEISUR
2021-01-07 00:00:00+05:30,331.6000,331.6000,273.5000,326.6500,3266941,INOXLEISUR
2021-01-08 00:00:00+05:30,333.0000,349.4500,329.1500,346.3000,2544661,INOXLEISUR
2021-01-11 00:00:00+05:30,350.0000,359.0000,323.0000,334.7500,2615855,INOXLEISUR
2021-01-12 00:00:00+05:30,339.4500,343.5000,335.6500,340.2500,1550723,INOXLEISUR
2021-01-13 00:00:00+05:30,347.0000,354.9500,335.5500,342.9000,1534739,INOXLEISUR
2021-01-14 00:00:00+05:30,345.0000,349.8500,336.5000,340.9000,857591,INOXLEISUR
2021-01-15 00:00:00+05:30,341.9000,341.9000,330.0000,332.8500,915292,INOXLEISUR
2021-01-18 00:00:00+05:30,335.8000,335.8000,312.0000,315.3500,1723916,INOXLEISUR
2021-01-19 00:00:00+05:30,321.0000,329.0000,318.0500,321.0000,958572,INOXLEISUR
2021-01-20 00:00:00+05:30,321.9500,328.5000,319.5000,322.5500,1069017,INOXLEISUR
2021-01-21 00:00:00+05:30,324.4000,326.7000,315.0000,317.4500,747089,INOXLEISUR
2021-01-22 00:00:00+05:30,317.4500,323.0000,311.1000,313.5000,1131500,INOXLEISUR
2021-01-25 00:00:00+05:30,316.0000,318.4000,302.0000,312.8500,693118,INOXLEISUR
2021-01-27 00:00:00+05:30,314.4500,319.0000,303.4000,312.1500,708768,INOXLEISUR
2021-01-28 00:00:00+05:30,318.0000,326.2000,315.0000,320.9000,1430749,INOXLEISUR
2021-01-29 00:00:00+05:30,325.0000,326.9000,318.0000,320.4000,701626,INOXLEISUR
2021-02-01 00:00:00+05:30,336.0000,337.0000,321.6000,329.7500,1852236,INOXLEISUR
2021-02-02 00:00:00+05:30,336.0000,336.0000,325.6000,330.7500,1233081,INOXLEISUR
2021-02-03 00:00:00+05:30,332.4500,340.0000,325.0000,336.5500,1077532,INOXLEISUR
2021-02-04 00:00:00+05:30,325.9000,336.8000,325.5000,330.0000,840596,INOXLEISUR
2021-02-05 00:00:00+05:30,334.1000,335.0000,328.9500,330.2000,1079634,INOXLEISUR
2021-02-08 00:00:00+05:30,333.1500,340.3000,330.2000,338.4500,823503,INOXLEISUR
2021-02-09 00:00:00+05:30,338.7500,343.8000,333.0000,336.1000,584024,INOXLEISUR
2021-02-10 00:00:00+05:30,335.1000,336.8000,329.2000,331.4000,399273,INOXLEISUR
2021-02-11 00:00:00+05:30,330.0000,333.8000,326.0000,328.9000,321402,INOXLEISUR
2021-02-12 00:00:00+05:30,330.4000,331.7000,327.0500,328.3500,221087,INOXLEISUR
2021-02-15 00:00:00+05:30,329.0000,331.4000,324.2500,328.9500,369280,INOXLEISUR
2021-02-16 00:00:00+05:30,329.1000,331.5000,326.5000,328.4500,298644,INOXLEISUR
2021-02-17 00:00:00+05:30,326.0000,330.9500,323.5000,325.3000,408885,INOXLEISUR
2021-02-18 00:00:00+05:30,327.3000,328.0000,320.8000,322.2500,466275,INOXLEISUR
2021-02-19 00:00:00+05:30,327.0000,327.4500,320.8000,324.0000,463433,INOXLEISUR
2021-02-22 00:00:00+05:30,323.7000,323.7000,301.0000,305.3500,1406045,INOXLEISUR
2021-02-23 00:00:00+05:30,306.7500,310.0000,295.4500,306.5500,715391,INOXLEISUR
2021-02-24 00:00:00+05:30,307.4500,329.8500,303.0000,313.8500,244981,INOXLEISUR
2021-02-25 00:00:00+05:30,315.0000,319.0000,315.0000,316.2000,341463,INOXLEISUR
2021-02-26 00:00:00+05:30,310.0000,315.7000,298.3000,307.4000,945953,INOXLEISUR
2021-03-01 00:00:00+05:30,307.4000,316.5500,307.0500,308.6500,930902,INOXLEISUR
2021-03-02 00:00:00+05:30,310.0000,316.5500,309.9000,316.0500,366431,INOXLEISUR
2021-03-03 00:00:00+05:30,317.7500,325.0000,317.0500,321.9500,602517,INOXLEISUR
2021-03-04 00:00:00+05:30,323.0000,337.0000,320.0000,335.4000,971428,INOXLEISUR
2021-03-05 00:00:00+05:30,337.0000,337.4000,327.0000,331.3000,475845,INOXLEISUR
2021-03-08 00:00:00+05:30,332.0000,334.4500,326.1000,327.0000,282762,INOXLEISUR
2021-03-09 00:00:00+05:30,330.0000,330.0000,320.5000,327.1500,533592,INOXLEISUR
2021-03-10 00:00:00+05:30,325.5000,330.0000,324.0500,326.4000,355336,INOXLEISUR
2021-03-12 00:00:00+05:30,325.0000,328.0000,320.0000,321.0500,300698,INOXLEISUR
2021-03-15 00:00:00+05:30,320.0000,331.9000,313.0500,328.5000,633763,INOXLEISUR
2021-03-16 00:00:00+05:30,320.3000,333.0000,320.3000,331.3500,640557,INOXLEISUR
2021-03-17 00:00:00+05:30,329.0000,333.0000,325.5000,330.0500,549160,INOXLEISUR
2021-03-18 00:00:00+05:30,324.2500,331.8000,322.1500,330.2000,572563,INOXLEISUR
2021-03-19 00:00:00+05:30,322.6000,328.8000,312.3500,321.3000,1100758,INOXLEISUR
2021-03-22 00:00:00+05:30,310.0000,317.0000,305.0000,308.8000,578745,INOXLEISUR
2021-03-23 00:00:00+05:30,310.0000,313.5500,306.0000,307.3500,258318,INOXLEISUR
2021-03-24 00:00:00+05:30,307.9000,311.4000,301.2000,303.3500,382711,INOXLEISUR
2021-03-25 00:00:00+05:30,302.3000,325.0000,290.8000,303.9000,579106,INOXLEISUR
2021-03-26 00:00:00+05:30,304.0000,304.0000,298.0500,301.3000,292694,INOXLEISUR
2021-03-30 00:00:00+05:30,296.0000,298.4500,285.0000,289.3500,711900,INOXLEISUR
2021-03-31 00:00:00+05:30,292.4000,292.4000,283.0000,285.1000,456145,INOXLEISUR
2021-04-01 00:00:00+05:30,288.9500,288.9500,277.0000,278.8000,747312,INOXLEISUR
2021-04-05 00:00:00+05:30,265.0000,270.3500,261.1000,266.6000,1165785,INOXLEISUR
2021-04-06 00:00:00+05:30,260.1000,288.0000,260.1000,274.1500,718699,INOXLEISUR
2021-04-07 00:00:00+05:30,274.5000,280.0000,263.7500,278.6000,804727,INOXLEISUR
2021-04-08 00:00:00+05:30,275.0000,280.0000,265.0000,276.9000,357651,INOXLEISUR
2021-04-09 00:00:00+05:30,272.0000,280.0000,268.0000,275.1000,241108,INOXLEISUR
2021-04-12 00:00:00+05:30,265.0000,270.0000,256.0500,263.6000,729669,INOXLEISUR
2021-04-13 00:00:00+05:30,258.5000,266.0000,257.1500,260.4500,458909,INOXLEISUR
2021-04-15 00:00:00+05:30,254.2000,257.8500,250.0500,253.1500,698941,INOXLEISUR
2021-04-16 00:00:00+05:30,253.1000,272.8000,248.4500,260.8000,596328,INOXLEISUR
2021-04-19 00:00:00+05:30,250.0000,254.9500,244.0000,252.4500,599271,INOXLEISUR
2021-04-20 00:00:00+05:30,254.0000,275.0000,253.0000,266.0000,985307,INOXLEISUR
2021-04-22 00:00:00+05:30,262.9500,269.2000,255.0000,267.1500,451559,INOXLEISUR
2021-04-23 00:00:00+05:30,267.1500,274.0000,263.6000,271.4000,582517,INOXLEISUR
2021-04-26 00:00:00+05:30,271.4000,276.0000,271.4000,273.9000,590149,INOXLEISUR
2021-04-27 00:00:00+05:30,270.0000,277.4500,268.6000,274.0000,322662,INOXLEISUR
2021-04-28 00:00:00+05:30,274.0000,279.7500,272.1000,277.7500,327684,INOXLEISUR
2021-04-29 00:00:00+05:30,280.0000,282.0000,269.0500,276.0500,587052,INOXLEISUR
2021-04-30 00:00:00+05:30,268.5500,274.7500,268.5500,271.9000,239169,INOXLEISUR
2021-05-03 00:00:00+05:30,269.0000,269.1500,261.6500,265.7000,276862,INOXLEISUR
2021-05-04 00:00:00+05:30,269.2500,270.0000,265.7000,267.6000,140571,INOXLEISUR
2021-05-05 00:00:00+05:30,267.0000,269.7500,265.0000,268.2000,141433,INOXLEISUR
2021-05-06 00:00:00+05:30,268.2000,274.9000,264.5500,272.7500,290210,INOXLEISUR
2021-05-07 00:00:00+05:30,275.7000,275.8000,270.3500,272.6500,175194,INOXLEISUR
2021-05-10 00:00:00+05:30,273.0000,277.6500,273.0000,273.9500,219640,INOXLEISUR
2021-05-11 00:00:00+05:30,273.5000,283.0000,272.4000,280.3500,273383,INOXLEISUR
2021-05-12 00:00:00+05:30,278.2000,288.8000,272.0000,282.8500,351272,INOXLEISUR
2021-05-14 00:00:00+05:30,281.2000,293.9000,281.2000,289.4000,775867,INOXLEISUR
2021-05-17 00:00:00+05:30,293.4000,295.0000,251.8000,277.8500,408907,INOXLEISUR
2021-05-18 00:00:00+05:30,282.9000,295.0000,282.5000,292.8000,491439,INOXLEISUR
2021-05-19 00:00:00+05:30,292.0000,297.9000,290.8000,293.7000,267662,INOXLEISUR
2021-05-20 00:00:00+05:30,295.4500,296.7000,288.5000,291.5500,167935,INOXLEISUR
2021-05-21 00:00:00+05:30,293.0000,300.9000,292.0500,295.7000,425379,INOXLEISUR
2021-05-24 00:00:00+05:30,302.0000,302.5500,296.0500,299.2000,233284,INOXLEISUR
2021-05-25 00:00:00+05:30,304.0000,309.6000,301.6500,306.3000,753425,INOXLEISUR
2021-05-26 00:00:00+05:30,309.5000,311.8500,306.0000,308.2500,417379,INOXLEISUR
2021-05-27 00:00:00+05:30,308.0000,317.0000,303.2000,314.2000,326314,INOXLEISUR
2021-05-28 00:00:00+05:30,317.0000,317.0000,308.4000,311.3000,324983,INOXLEISUR
2021-05-31 00:00:00+05:30,311.0000,312.0000,308.0000,310.6500,206662,INOXLEISUR
2021-06-01 00:00:00+05:30,311.9000,318.8000,311.0000,317.2000,520848,INOXLEISUR
2021-06-02 00:00:00+05:30,317.7500,317.7500,310.9000,312.0500,200165,INOXLEISUR
2021-06-03 00:00:00+05:30,315.0000,319.2000,314.0500,316.9500,283694,INOXLEISUR
2021-06-04 00:00:00+05:30,320.0000,320.9000,314.0000,317.3500,222119,INOXLEISUR
2021-06-07 00:00:00+05:30,321.7000,330.0000,320.0500,328.4500,474190,INOXLEISUR
2021-06-08 00:00:00+05:30,339.7000,341.7500,330.7000,333.7000,985326,INOXLEISUR
2021-06-09 00:00:00+05:30,337.0000,337.0000,325.1000,326.5500,641373,INOXLEISUR
2021-06-10 00:00:00+05:30,328.0000,332.0000,326.0000,330.4500,306807,INOXLEISUR
2021-06-11 00:00:00+05:30,333.8500,333.8500,325.5000,326.8500,227923,INOXLEISUR
2021-06-14 00:00:00+05:30,327.5000,327.5000,319.5000,322.7000,198180,INOXLEISUR
2021-06-15 00:00:00+05:30,322.7000,324.3500,313.2000,315.3000,493499,INOXLEISUR
2021-06-16 00:00:00+05:30,318.0000,320.5000,311.5500,317.2000,233044,INOXLEISUR
2021-06-17 00:00:00+05:30,315.0000,316.8500,310.5000,313.7500,312814,INOXLEISUR
2021-06-18 00:00:00+05:30,313.7500,318.1500,303.2500,308.8500,433369,INOXLEISUR
2021-06-21 00:00:00+05:30,308.6500,311.5500,303.4500,306.6000,214998,INOXLEISUR
2021-06-22 00:00:00+05:30,307.9500,321.8000,307.9500,320.1000,544011,INOXLEISUR
2021-06-23 00:00:00+05:30,325.0000,327.0000,318.0500,320.8000,522518,INOXLEISUR
2021-06-24 00:00:00+05:30,321.9000,322.4000,315.3000,317.2500,241159,INOXLEISUR
2021-06-25 00:00:00+05:30,321.0000,321.0000,311.9500,314.9000,275989,INOXLEISUR
2021-06-28 00:00:00+05:30,315.1000,315.4500,310.0000,311.3500,152610,INOXLEISUR
2021-06-29 00:00:00+05:30,311.2500,311.2500,305.6500,308.8000,250893,INOXLEISUR
2021-06-30 00:00:00+05:30,308.9000,312.2000,308.0000,308.7000,145840,INOXLEISUR
2021-07-01 00:00:00+05:30,309.6500,316.9000,308.0000,312.5500,235324,INOXLEISUR
2021-07-02 00:00:00+05:30,318.0000,318.0000,309.2500,311.9000,165865,INOXLEISUR
2021-07-05 00:00:00+05:30,313.5000,318.9000,311.0000,315.1000,303857,INOXLEISUR
2021-07-06 00:00:00+05:30,316.8000,328.4000,310.0000,323.2000,948101,INOXLEISUR
2021-07-07 00:00:00+05:30,324.8500,325.0000,314.9500,316.0000,301007,INOXLEISUR
2021-07-08 00:00:00+05:30,316.4000,318.2000,311.0000,312.4500,188195,INOXLEISUR
2021-07-09 00:00:00+05:30,314.0000,319.0000,309.0500,316.1000,191605,INOXLEISUR
2021-07-12 00:00:00+05:30,319.0000,320.0000,314.5000,317.6000,174350,INOXLEISUR
2021-07-13 00:00:00+05:30,319.9000,321.5000,315.0000,319.2000,195063,INOXLEISUR
2021-07-14 00:00:00+05:30,320.1000,324.9000,313.5000,314.2000,483374,INOXLEISUR
2021-07-15 00:00:00+05:30,315.6000,317.9500,311.8500,313.0500,168771,INOXLEISUR
2021-07-16 00:00:00+05:30,315.5000,316.5000,310.0000,311.6500,138307,INOXLEISUR
2021-07-19 00:00:00+05:30,311.6500,312.0000,306.0000,309.1000,177373,INOXLEISUR
2021-07-20 00:00:00+05:30,307.8000,309.3500,297.5000,299.9000,342467,INOXLEISUR
2021-07-22 00:00:00+05:30,300.0000,307.0000,297.2500,300.5500,318901,INOXLEISUR
2021-07-23 00:00:00+05:30,303.9500,307.0000,291.0000,297.4500,236012,INOXLEISUR
2021-07-26 00:00:00+05:30,304.5000,313.4000,302.0000,302.9500,758198,INOXLEISUR
2021-07-27 00:00:00+05:30,307.2500,346.2000,307.2500,320.5000,9654323,INOXLEISUR
2021-07-28 00:00:00+05:30,324.7000,326.6000,312.0000,315.9000,766704,INOXLEISUR
2021-07-29 00:00:00+05:30,318.5000,333.1000,312.5000,322.5500,1074221,INOXLEISUR
2021-07-30 00:00:00+05:30,326.9000,331.6000,321.1000,325.5500,944462,INOXLEISUR
2021-08-02 00:00:00+05:30,327.9000,328.2000,320.0500,322.9000,539773,INOXLEISUR
2021-08-03 00:00:00+05:30,318.8000,327.0000,311.0000,315.5500,1178394,INOXLEISUR
2021-08-04 00:00:00+05:30,314.0000,317.4500,312.2000,313.9000,415908,INOXLEISUR
2021-08-05 00:00:00+05:30,314.5000,314.9500,308.0000,309.5000,243879,INOXLEISUR
2021-08-06 00:00:00+05:30,310.9000,314.7000,310.5000,312.6500,177779,INOXLEISUR
2021-08-09 00:00:00+05:30,315.7000,325.5500,314.2500,321.6000,970664,INOXLEISUR
2021-08-10 00:00:00+05:30,321.5500,324.5000,317.6000,322.0000,599981,INOXLEISUR
2021-08-11 00:00:00+05:30,324.2000,324.2000,314.2000,318.7000,680182,INOXLEISUR
2021-08-12 00:00:00+05:30,315.0000,328.1500,315.0000,325.5500,669169,INOXLEISUR
2021-08-13 00:00:00+05:30,322.8000,332.7000,320.6500,327.8000,869189,INOXLEISUR
2021-08-16 00:00:00+05:30,326.0000,327.8000,320.5000,322.4500,246256,INOXLEISUR
2021-08-17 00:00:00+05:30,320.5500,330.0000,320.5500,328.2500,395365,INOXLEISUR
2021-08-18 00:00:00+05:30,328.9000,331.0000,324.9000,328.4500,360125,INOXLEISUR
2021-08-20 00:00:00+05:30,325.0000,325.8500,314.1000,319.3000,408107,INOXLEISUR
2021-08-23 00:00:00+05:30,321.0000,323.8000,304.0000,308.0000,517429,INOXLEISUR
2021-08-24 00:00:00+05:30,309.5500,314.9000,306.6500,309.5000,276247,INOXLEISUR
2021-08-25 00:00:00+05:30,311.0000,314.5000,309.6000,310.4500,129864,INOXLEISUR
2021-08-26 00:00:00+05:30,310.0000,313.7000,305.0000,305.6000,147683,INOXLEISUR
2021-08-27 00:00:00+05:30,307.5000,311.3500,305.0000,306.0000,323120,INOXLEISUR
2021-08-30 00:00:00+05:30,308.6500,310.7500,303.3000,306.1500,237832,INOXLEISUR
2021-08-31 00:00:00+05:30,305.7000,316.0000,305.6500,309.2500,290822,INOXLEISUR
2021-09-01 00:00:00+05:30,310.0000,311.8500,304.2500,307.3500,336506,INOXLEISUR
2021-09-02 00:00:00+05:30,307.5500,308.3000,306.0000,306.6000,113676,INOXLEISUR
2021-09-03 00:00:00+05:30,307.9000,313.0000,306.9000,307.3000,156572,INOXLEISUR
2021-09-06 00:00:00+05:30,308.8500,310.9000,304.0000,305.1500,404842,INOXLEISUR
2021-09-07 00:00:00+05:30,306.9000,307.8500,303.5000,305.4000,177602,INOXLEISUR
2021-09-08 00:00:00+05:30,307.9000,308.7500,304.4500,306.0000,411267,INOXLEISUR
2021-09-09 00:00:00+05:30,307.0000,308.1000,304.6500,306.0500,154927,INOXLEISUR
2021-09-13 00:00:00+05:30,306.9500,306.9500,299.0000,300.5500,1030024,INOXLEISUR
2021-09-14 00:00:00+05:30,300.6000,305.9000,300.6000,304.8000,581836,INOXLEISUR
2021-09-15 00:00:00+05:30,309.6500,309.6500,302.8000,304.6500,394817,INOXLEISUR
2021-09-16 00:00:00+05:30,306.0000,307.4000,303.0000,304.1000,163691,INOXLEISUR
2021-09-17 00:00:00+05:30,304.1000,309.5000,302.4500,306.2000,879406,INOXLEISUR
2021-09-20 00:00:00+05:30,307.0000,331.0000,306.0000,313.3500,2085403,INOXLEISUR
2021-09-21 00:00:00+05:30,315.9000,331.8000,313.3500,323.1000,3393120,INOXLEISUR
2021-09-22 00:00:00+05:30,324.5000,384.0000,324.5000,359.7500,7166595,INOXLEISUR
2021-09-23 00:00:00+05:30,362.5000,367.6500,345.5500,348.5500,2448251,INOXLEISUR
2021-09-24 00:00:00+05:30,350.0000,355.5000,337.2000,349.5000,1212112,INOXLEISUR
2021-09-27 00:00:00+05:30,378.5000,413.9000,370.0000,378.4500,5805231,INOXLEISUR
2021-09-28 00:00:00+05:30,373.8000,391.8000,365.4500,385.5000,2466656,INOXLEISUR
2021-09-29 00:00:00+05:30,381.0000,395.0000,367.0000,387.8000,1849177,INOXLEISUR
2021-09-30 00:00:00+05:30,387.8000,397.8500,381.8500,393.2500,887901,INOXLEISUR
2021-10-01 00:00:00+05:30,392.7000,408.7500,387.1500,391.8000,2155833,INOXLEISUR
2021-10-04 00:00:00+05:30,396.0000,421.0000,392.8000,414.7500,2092156,INOXLEISUR
2021-10-05 00:00:00+05:30,414.0000,421.6000,402.0000,409.0000,1363554,INOXLEISUR
2021-10-06 00:00:00+05:30,412.2000,413.6000,401.1000,405.4500,784339,INOXLEISUR
2021-10-07 00:00:00+05:30,408.0000,425.0000,405.8500,420.5000,753069,INOXLEISUR
2021-10-08 00:00:00+05:30,422.6000,431.7000,414.4000,416.6000,758734,INOXLEISUR
2021-10-11 00:00:00+05:30,420.5000,424.7000,410.5500,412.3000,494336,INOXLEISUR
2021-10-12 00:00:00+05:30,413.9500,424.3000,409.3000,414.8000,544515,INOXLEISUR
2021-10-13 00:00:00+05:30,420.0000,424.4000,410.0000,412.0000,598566,INOXLEISUR
2021-10-14 00:00:00+05:30,414.9500,418.0000,411.0500,415.4000,342060,INOXLEISUR
2021-10-18 00:00:00+05:30,418.9000,423.9000,411.5500,413.7500,546212,INOXLEISUR
2021-10-19 00:00:00+05:30,416.9000,421.9500,403.1000,409.8500,500555,INOXLEISUR
2021-10-20 00:00:00+05:30,409.8000,418.0000,405.0000,410.8500,516404,INOXLEISUR
2021-10-21 00:00:00+05:30,414.2000,421.0000,410.2000,419.7000,517282,INOXLEISUR
2021-10-22 00:00:00+05:30,422.0000,436.9000,413.8500,417.8000,1954746,INOXLEISUR
2021-10-25 00:00:00+05:30,414.5000,438.8000,407.4000,416.0500,2154570,INOXLEISUR
2021-10-26 00:00:00+05:30,417.3000,430.0000,415.1500,419.8000,589103,INOXLEISUR
2021-10-27 00:00:00+05:30,420.0000,427.0000,418.3000,420.4500,365228,INOXLEISUR
2021-10-28 00:00:00+05:30,420.0500,427.5000,414.2500,417.2500,489826,INOXLEISUR
2021-10-29 00:00:00+05:30,417.4000,423.8000,407.0000,419.0500,349501,INOXLEISUR
2021-11-01 00:00:00+05:30,419.0500,426.9000,417.9000,423.0500,234273,INOXLEISUR
2021-11-02 00:00:00+05:30,425.1000,432.7000,423.1000,428.7000,697058,INOXLEISUR
2021-11-03 00:00:00+05:30,431.5000,434.9000,429.4500,432.7500,363950,INOXLEISUR
2021-11-04 00:00:00+05:30,439.0000,441.0000,435.2500,438.0000,155608,INOXLEISUR
2021-11-08 00:00:00+05:30,447.9000,466.0000,446.3000,462.3500,1622116,INOXLEISUR
2021-11-09 00:00:00+05:30,465.2000,465.2000,438.8500,442.2000,1112806,INOXLEISUR
2021-11-10 00:00:00+05:30,441.0000,449.1000,436.0000,439.6000,326827,INOXLEISUR
2021-11-11 00:00:00+05:30,439.0000,440.6000,425.5500,429.0500,267861,INOXLEISUR
2021-11-12 00:00:00+05:30,431.4000,441.7000,423.0000,438.7000,310246,INOXLEISUR
2021-11-15 00:00:00+05:30,438.9000,438.9000,421.6500,424.8000,226193,INOXLEISUR
2021-11-16 00:00:00+05:30,426.1000,432.0000,423.1500,425.9500,203735,INOXLEISUR
2021-11-17 00:00:00+05:30,420.9000,432.0000,420.9000,426.3000,234459,INOXLEISUR
2021-11-18 00:00:00+05:30,427.4000,429.3500,415.0000,418.5000,601350,INOXLEISUR
2021-11-22 00:00:00+05:30,420.2000,420.2000,387.3500,398.4500,482318,INOXLEISUR
2021-11-23 00:00:00+05:30,382.0000,411.7000,382.0000,407.5500,403771,INOXLEISUR
2021-11-24 00:00:00+05:30,407.5000,419.0000,402.0000,407.0000,198869,INOXLEISUR
2021-11-25 00:00:00+05:30,403.5500,417.0000,396.2500,414.0000,290219,INOXLEISUR
2021-11-26 00:00:00+05:30,409.0000,409.0000,372.1000,377.3000,1309288,INOXLEISUR
2021-11-29 00:00:00+05:30,351.3500,388.0000,344.2000,375.5000,2958062,INOXLEISUR
2021-11-30 00:00:00+05:30,370.0000,420.5000,353.8500,400.2500,2258443,INOXLEISUR
2021-12-01 00:00:00+05:30,392.0000,398.8000,374.8500,381.0500,634503,INOXLEISUR
2021-12-02 00:00:00+05:30,377.0000,382.7500,362.1000,364.6500,775274,INOXLEISUR
2021-12-03 00:00:00+05:30,368.3500,379.9500,351.6000,357.3500,1331355,INOXLEISUR
2021-12-06 00:00:00+05:30,357.9500,357.9500,337.7000,342.5000,618989,INOXLEISUR
2021-12-07 00:00:00+05:30,342.6000,363.0000,342.6000,358.9000,550085,INOXLEISUR
2021-12-08 00:00:00+05:30,363.7500,399.0000,363.7500,391.8000,2875624,INOXLEISUR
2021-12-09 00:00:00+05:30,392.2000,419.5000,385.1500,408.8000,1089485,INOXLEISUR
2021-12-10 00:00:00+05:30,406.9500,407.0000,397.3500,399.4500,492727,INOXLEISUR
2021-12-13 00:00:00+05:30,403.7000,407.0000,390.6500,393.7500,399413,INOXLEISUR
2021-12-14 00:00:00+05:30,390.0000,415.0000,381.0000,409.7000,874393,INOXLEISUR
2021-12-15 00:00:00+05:30,408.0000,419.5000,404.0000,411.3500,1017842,INOXLEISUR
2021-12-16 00:00:00+05:30,415.5000,415.5000,385.7000,394.2500,710240,INOXLEISUR
2021-12-17 00:00:00+05:30,395.1000,397.8500,385.0000,389.7500,435891,INOXLEISUR
2021-12-20 00:00:00+05:30,381.0000,390.0500,360.1500,372.8500,526494,INOXLEISUR
2021-12-21 00:00:00+05:30,371.2000,418.0000,371.2000,381.5500,432797,INOXLEISUR
2021-12-22 00:00:00+05:30,383.4000,390.0000,370.3500,374.6000,349233,INOXLEISUR
2021-12-23 00:00:00+05:30,378.8000,384.9000,368.4000,372.5000,436866,INOXLEISUR
2021-12-24 00:00:00+05:30,380.0000,380.0000,363.9000,367.5500,444347,INOXLEISUR
2021-12-27 00:00:00+05:30,360.0000,363.5000,347.3000,351.6000,794457,INOXLEISUR
2021-12-28 00:00:00+05:30,356.7000,362.6000,342.4000,350.7000,887782,INOXLEISUR
2021-12-29 00:00:00+05:30,347.0000,362.0000,342.5000,353.9500,592120,INOXLEISUR
2021-12-30 00:00:00+05:30,350.0000,356.9000,347.3500,352.9500,513141,INOXLEISUR
2021-12-31 00:00:00+05:30,351.5500,356.0500,350.4000,353.3500,191518,INOXLEISUR
2022-01-03 00:00:00+05:30,349.9000,357.0000,344.6000,355.4500,473486,INOXLEISUR
2022-01-04 00:00:00+05:30,355.0000,359.4000,351.0000,355.1000,751525,INOXLEISUR
2022-01-05 00:00:00+05:30,351.0000,361.0000,348.7000,355.2500,537911,INOXLEISUR
2022-01-06 00:00:00+05:30,352.2500,357.5500,346.0500,355.7000,283982,INOXLEISUR
2022-01-07 00:00:00+05:30,359.8000,367.0000,354.0000,360.6500,515315,INOXLEISUR
2022-01-10 00:00:00+05:30,362.5000,371.0000,360.6500,368.7500,812619,INOXLEISUR
2022-01-11 00:00:00+05:30,369.0000,376.4500,365.1500,370.4000,513356,INOXLEISUR
2022-01-12 00:00:00+05:30,374.0000,386.0000,371.3500,382.7500,503830,INOXLEISUR
2022-01-13 00:00:00+05:30,382.0000,388.0000,374.8500,383.3000,452472,INOXLEISUR
2022-01-14 00:00:00+05:30,383.0500,383.7000,376.0000,378.7000,251389,INOXLEISUR
2022-01-17 00:00:00+05:30,377.9000,383.5000,374.0000,380.5500,226340,INOXLEISUR
2022-01-18 00:00:00+05:30,382.5000,384.9000,375.1000,380.1000,358909,INOXLEISUR
2022-01-19 00:00:00+05:30,380.0000,394.0500,374.0000,391.5500,687128,INOXLEISUR
2022-01-20 00:00:00+05:30,392.8500,401.8500,380.0500,384.9500,532898,INOXLEISUR
2022-01-21 00:00:00+05:30,385.0000,395.0000,374.8000,380.2500,294127,INOXLEISUR
2022-01-24 00:00:00+05:30,384.5000,397.1500,367.0000,380.6000,1215618,INOXLEISUR
2022-01-25 00:00:00+05:30,376.4000,391.0000,370.0500,388.4000,457068,INOXLEISUR
2022-01-27 00:00:00+05:30,385.0000,394.2000,380.4000,391.6500,350669,INOXLEISUR
2022-01-28 00:00:00+05:30,396.3500,412.6500,388.2000,392.3500,919207,INOXLEISUR
2022-01-31 00:00:00+05:30,395.0000,420.5000,395.0000,416.8500,1246345,INOXLEISUR
2022-02-01 00:00:00+05:30,419.0000,437.7000,411.0500,433.2500,1094672,INOXLEISUR
2022-02-02 00:00:00+05:30,434.0000,437.8000,427.5000,433.2500,529129,INOXLEISUR
2022-02-03 00:00:00+05:30,434.9000,434.9000,408.5500,414.3500,875042,INOXLEISUR
2022-02-04 00:00:00+05:30,414.3500,419.8000,403.0000,405.9500,901255,INOXLEISUR
2022-02-07 00:00:00+05:30,408.4000,409.1000,395.9500,399.3500,302150,INOXLEISUR
2022-02-08 00:00:00+05:30,402.4000,403.2000,391.3500,394.7000,451236,INOXLEISUR
2022-02-09 00:00:00+05:30,396.7000,405.9500,393.0500,404.5000,470735,INOXLEISUR
2022-02-10 00:00:00+05:30,404.8500,416.0000,402.8000,413.4500,315247,INOXLEISUR
2022-02-11 00:00:00+05:30,409.7000,412.1000,398.0000,402.1500,407578,INOXLEISUR
2022-02-14 00:00:00+05:30,395.0000,404.9000,391.1000,392.7500,330162,INOXLEISUR
2022-02-15 00:00:00+05:30,399.6500,410.0000,393.1000,407.5500,197661,INOXLEISUR
2022-02-16 00:00:00+05:30,408.9000,416.9500,399.9500,403.8500,498140,INOXLEISUR
2022-02-17 00:00:00+05:30,404.0000,421.0000,404.0000,416.8500,843608,INOXLEISUR
2022-02-18 00:00:00+05:30,415.0000,418.8500,410.0000,413.2500,383074,INOXLEISUR
2022-02-21 00:00:00+05:30,411.0000,415.3500,401.0000,406.2500,471223,INOXLEISUR
2022-02-22 00:00:00+05:30,402.6000,408.3000,399.0000,401.5000,244889,INOXLEISUR
2022-02-23 00:00:00+05:30,402.0500,408.7000,401.3500,403.5000,241542,INOXLEISUR
2022-02-24 00:00:00+05:30,396.8000,399.8500,385.0000,390.1500,543495,INOXLEISUR
2022-02-25 00:00:00+05:30,404.7000,408.0000,390.6500,402.6000,407929,INOXLEISUR
2022-02-28 00:00:00+05:30,403.0000,417.0000,393.4000,409.5500,568344,INOXLEISUR
2022-03-02 00:00:00+05:30,408.0500,420.9500,403.2500,407.2500,412936,INOXLEISUR
2022-03-03 00:00:00+05:30,418.5000,428.5000,412.2000,417.6500,709594,INOXLEISUR
2022-03-04 00:00:00+05:30,416.5000,423.0000,401.4500,407.5000,490175,INOXLEISUR
2022-03-07 00:00:00+05:30,400.0000,400.0000,388.0000,391.3500,530439,INOXLEISUR
2022-03-08 00:00:00+05:30,396.3000,422.8000,392.1500,417.0000,1260188,INOXLEISUR
2022-03-09 00:00:00+05:30,422.9000,429.5500,413.5000,416.8000,631773,INOXLEISUR
2022-03-10 00:00:00+05:30,426.8000,426.8000,409.9000,412.5000,749680,INOXLEISUR
2022-03-11 00:00:00+05:30,412.5000,426.8000,412.5000,424.6500,447937,INOXLEISUR
2022-03-14 00:00:00+05:30,427.0000,448.0000,426.9500,435.2500,1811789,INOXLEISUR
2022-03-15 00:00:00+05:30,436.9500,442.0000,409.0000,410.6500,862785,INOXLEISUR
2022-03-16 00:00:00+05:30,417.6000,420.0000,405.5000,408.3000,1052502,INOXLEISUR
2022-03-17 00:00:00+05:30,415.4000,417.9500,410.0500,415.7000,290435,INOXLEISUR
2022-03-21 00:00:00+05:30,422.3000,454.0000,415.1500,436.8500,2608126,INOXLEISUR
2022-03-22 00:00:00+05:30,436.9500,456.3000,436.9500,442.7500,1319579,INOXLEISUR
2022-03-23 00:00:00+05:30,446.0000,453.0500,443.4000,449.0500,687298,INOXLEISUR
2022-03-24 00:00:00+05:30,446.5000,461.6000,436.0500,442.7000,1001213,INOXLEISUR
2022-03-25 00:00:00+05:30,450.0000,496.8000,450.0000,469.7000,7213809,INOXLEISUR
2022-03-28 00:00:00+05:30,563.6000,563.6000,517.0000,522.8500,16284072,INOXLEISUR
2022-03-29 00:00:00+05:30,523.8000,542.0000,495.1000,511.0000,3885438,INOXLEISUR
2022-03-30 00:00:00+05:30,516.5000,522.8000,506.1000,509.6500,1554056,INOXLEISUR
2022-03-31 00:00:00+05:30,510.5000,534.8000,509.0500,529.8000,3121536,INOXLEISUR
2022-04-01 00:00:00+05:30,528.0000,529.7000,506.7500,519.0000,1545991,INOXLEISUR
2022-04-04 00:00:00+05:30,520.8500,524.2000,508.0000,511.4000,854687,INOXLEISUR
2022-04-05 00:00:00+05:30,516.0000,520.0000,510.8000,515.7500,573877,INOXLEISUR
2022-04-06 00:00:00+05:30,514.0000,520.0000,508.0000,514.4000,497180,INOXLEISUR
2022-04-07 00:00:00+05:30,514.0000,516.8000,501.0000,504.3000,454575,INOXLEISUR
2022-04-08 00:00:00+05:30,507.5000,513.0000,503.1000,504.9000,571209,INOXLEISUR
2022-04-11 00:00:00+05:30,505.9000,516.0000,500.4500,508.2500,474334,INOXLEISUR
2022-04-12 00:00:00+05:30,507.9500,526.9500,503.0500,515.7500,2229249,INOXLEISUR
2022-04-13 00:00:00+05:30,521.6000,525.5000,513.5000,516.0500,663386,INOXLEISUR
2022-04-18 00:00:00+05:30,516.0000,516.1000,495.5500,501.0500,945089,INOXLEISUR
2022-04-19 00:00:00+05:30,502.0000,508.9000,486.3000,491.8000,696357,INOXLEISUR
2022-04-20 00:00:00+05:30,492.0000,506.0000,490.8000,496.4000,480209,INOXLEISUR
2022-04-21 00:00:00+05:30,500.0000,504.0000,487.5500,490.5500,384289,INOXLEISUR
2022-04-22 00:00:00+05:30,488.0000,503.9000,482.6500,493.1000,522927,INOXLEISUR
2022-04-25 00:00:00+05:30,491.0000,493.0000,481.5500,489.3500,380584,INOXLEISUR
2022-04-26 00:00:00+05:30,490.0500,498.5000,486.0000,494.0500,396706,INOXLEISUR
2022-04-27 00:00:00+05:30,490.0000,507.2500,489.0000,498.5500,563508,INOXLEISUR
2022-04-28 00:00:00+05:30,504.5000,508.0000,498.0000,504.8000,374454,INOXLEISUR
2022-04-29 00:00:00+05:30,509.0000,511.7500,497.4000,501.2000,465019,INOXLEISUR
2022-05-02 00:00:00+05:30,496.0000,508.0000,490.0500,493.1000,567921,INOXLEISUR
2022-05-04 00:00:00+05:30,487.0000,495.0500,475.6000,477.5500,488043,INOXLEISUR
2022-05-05 00:00:00+05:30,482.5000,489.5000,470.4500,472.0500,762971,INOXLEISUR
2022-05-06 00:00:00+05:30,469.0000,470.9500,445.0000,448.4000,587134,INOXLEISUR
2022-05-09 00:00:00+05:30,447.7000,459.0000,445.0500,451.6500,1233882,INOXLEISUR
2022-05-10 00:00:00+05:30,449.8000,475.3000,449.7000,471.6000,1305577,INOXLEISUR
2022-05-11 00:00:00+05:30,470.2500,492.0500,462.5000,474.6500,1468787,INOXLEISUR
2022-05-12 00:00:00+05:30,470.2500,476.6000,456.0500,463.1500,570684,INOXLEISUR
2022-05-13 00:00:00+05:30,473.8000,480.8500,457.5500,461.4000,784025,INOXLEISUR
2022-05-16 00:00:00+05:30,464.0000,472.9500,450.9000,463.6500,416732,INOXLEISUR
2022-05-17 00:00:00+05:30,465.0000,476.4500,459.8000,472.1500,305444,INOXLEISUR
2022-05-18 00:00:00+05:30,472.1000,492.9000,472.1000,481.2000,1012340,INOXLEISUR
2022-05-19 00:00:00+05:30,474.3000,478.9500,461.4500,463.6500,229276,INOXLEISUR
2022-05-20 00:00:00+05:30,469.0000,496.4000,469.0000,493.0000,717683,INOXLEISUR
2022-05-23 00:00:00+05:30,491.5000,507.0000,485.0500,488.6500,373043,INOXLEISUR
2022-05-24 00:00:00+05:30,492.3000,492.7500,455.0000,458.7500,598586,INOXLEISUR
2022-05-25 00:00:00+05:30,459.8000,464.2500,446.1500,450.8000,732421,INOXLEISUR
2022-05-26 00:00:00+05:30,450.0000,467.7000,443.7000,465.4500,358997,INOXLEISUR
2022-05-27 00:00:00+05:30,467.0000,490.4500,467.0000,488.6000,671549,INOXLEISUR
2022-05-30 00:00:00+05:30,486.2500,510.0000,486.0000,507.0000,848482,INOXLEISUR
2022-05-31 00:00:00+05:30,508.0000,514.3500,496.0000,503.5000,729371,INOXLEISUR
2022-06-01 00:00:00+05:30,500.0000,504.9000,485.5000,494.7000,339731,INOXLEISUR
2022-06-02 00:00:00+05:30,497.0000,510.9000,494.0000,507.2000,744852,INOXLEISUR
2022-06-03 00:00:00+05:30,510.0000,517.0000,497.0500,499.6000,755744,INOXLEISUR
2022-06-06 00:00:00+05:30,494.8500,495.9500,474.2500,476.5500,882220,INOXLEISUR
2022-06-07 00:00:00+05:30,472.1000,482.6500,468.1000,481.1000,425063,INOXLEISUR
2022-06-08 00:00:00+05:30,480.0000,485.7500,476.0500,481.3500,209270,INOXLEISUR
2022-06-09 00:00:00+05:30,474.2500,482.8000,473.6000,480.6500,163106,INOXLEISUR
2022-06-10 00:00:00+05:30,472.5000,478.8500,468.0000,471.8000,136242,INOXLEISUR
2022-06-13 00:00:00+05:30,464.9500,470.8000,456.4500,461.2000,427513,INOXLEISUR
2022-06-14 00:00:00+05:30,457.0000,475.0000,457.0000,473.3000,251311,INOXLEISUR
2022-06-15 00:00:00+05:30,471.1000,477.6000,467.1500,476.2500,200683,INOXLEISUR
2022-06-16 00:00:00+05:30,479.0000,487.2000,463.0500,464.6500,279740,INOXLEISUR
2022-06-17 00:00:00+05:30,468.0000,468.0000,452.0000,455.5500,193379,INOXLEISUR
2022-06-20 00:00:00+05:30,454.1000,461.3000,447.0000,457.8000,477683,INOXLEISUR
2022-06-21 00:00:00+05:30,457.2000,483.7000,457.2000,482.3000,321395,INOXLEISUR
2022-06-22 00:00:00+05:30,489.0000,494.9500,476.0500,486.3500,844704,INOXLEISUR
2022-06-23 00:00:00+05:30,486.4000,497.9500,486.3500,494.3000,249685,INOXLEISUR
2022-06-24 00:00:00+05:30,499.0000,504.9000,496.8500,504.0500,314236,INOXLEISUR
2022-06-27 00:00:00+05:30,514.8000,514.8000,499.5000,502.1000,187200,INOXLEISUR
2022-06-28 00:00:00+05:30,498.1500,511.1500,496.0000,507.5000,406703,INOXLEISUR
2022-06-29 00:00:00+05:30,505.0000,509.0000,502.5000,507.5500,308461,INOXLEISUR
2022-06-30 00:00:00+05:30,507.4500,525.0000,506.1000,508.4500,927983,INOXLEISUR
2022-07-01 00:00:00+05:30,509.1000,525.0000,503.0000,523.0500,441730,INOXLEISUR
2022-07-04 00:00:00+05:30,526.0000,530.3000,514.5500,518.8000,440969,INOXLEISUR
2022-07-05 00:00:00+05:30,520.3000,527.9500,510.5500,515.7500,427801,INOXLEISUR
2022-07-06 00:00:00+05:30,515.0000,518.3500,511.4500,516.9500,176031,INOXLEISUR
2022-07-07 00:00:00+05:30,518.6000,525.3500,513.9000,522.4000,315959,INOXLEISUR
2022-07-08 00:00:00+05:30,523.0000,529.9000,521.2000,525.5000,184782,INOXLEISUR
2022-07-11 00:00:00+05:30,526.8000,534.8000,520.5000,528.1500,360129,INOXLEISUR
2022-07-12 00:00:00+05:30,526.5000,526.9000,519.5000,521.9500,163326,INOXLEISUR
2022-07-13 00:00:00+05:30,522.0000,529.0000,520.8500,526.2000,173638,INOXLEISUR
2022-07-14 00:00:00+05:30,526.3500,533.7000,522.9500,528.2500,193249,INOXLEISUR
2022-07-15 00:00:00+05:30,525.0000,537.2500,525.0000,534.7500,246555,INOXLEISUR
2022-07-18 00:00:00+05:30,536.0000,539.4000,531.0000,534.4000,174767,INOXLEISUR
2022-07-19 00:00:00+05:30,533.7500,537.1500,524.1500,531.4500,242197,INOXLEISUR
2022-07-20 00:00:00+05:30,538.9000,538.9000,526.1000,529.9500,209879,INOXLEISUR
2022-07-21 00:00:00+05:30,532.8500,553.6000,530.1500,540.4500,761610,INOXLEISUR
2022-07-22 00:00:00+05:30,545.1000,554.9000,543.5500,546.4000,541858,INOXLEISUR
2022-07-25 00:00:00+05:30,547.4000,552.2000,528.0500,543.3500,300849,INOXLEISUR
2022-07-26 00:00:00+05:30,545.0000,559.3500,544.0500,550.6500,422046,INOXLEISUR
2022-07-27 00:00:00+05:30,552.0000,570.4500,544.2000,565.6000,973545,INOXLEISUR
2022-07-28 00:00:00+05:30,570.0000,577.1000,563.7500,572.6500,531348,INOXLEISUR
2022-07-29 00:00:00+05:30,573.0000,594.0000,573.0000,590.8500,971897,INOXLEISUR
2022-08-01 00:00:00+05:30,592.0000,599.3500,582.4000,595.9000,482999,INOXLEISUR
2022-08-02 00:00:00+05:30,575.0000,600.2500,575.0000,597.4500,537966,INOXLEISUR
2022-08-03 00:00:00+05:30,596.1000,607.7000,584.8000,603.1000,530956,INOXLEISUR
2022-08-04 00:00:00+05:30,618.0000,619.3500,584.1000,586.7000,1967961,INOXLEISUR
2022-08-05 00:00:00+05:30,590.4000,597.4000,583.2500,586.8500,794594,INOXLEISUR
2022-08-08 00:00:00+05:30,589.0000,591.1500,582.6000,588.8500,356462,INOXLEISUR
2022-08-10 00:00:00+05:30,585.1000,591.9500,583.9000,589.6000,254358,INOXLEISUR
2022-08-11 00:00:00+05:30,584.8000,594.1000,562.9000,565.1500,774552,INOXLEISUR
2022-08-12 00:00:00+05:30,565.0000,569.7000,547.2500,549.0000,916847,INOXLEISUR
2022-08-16 00:00:00+05:30,555.0000,555.0000,533.3500,540.5000,901333,INOXLEISUR
2022-08-17 00:00:00+05:30,543.0000,545.2000,524.6500,526.1000,499095,INOXLEISUR
2022-08-18 00:00:00+05:30,528.7000,529.5000,521.6000,525.0500,385161,INOXLEISUR
2022-08-19 00:00:00+05:30,526.9500,526.9500,490.2000,493.0500,1310326,INOXLEISUR
2022-08-22 00:00:00+05:30,486.0000,502.1000,483.3500,498.8500,816514,INOXLEISUR
2022-08-23 00:00:00+05:30,499.1000,515.0000,496.4500,511.8500,534417,INOXLEISUR
2022-08-24 00:00:00+05:30,516.4500,522.0000,506.2000,509.5000,670357,INOXLEISUR
2022-08-25 00:00:00+05:30,510.5000,513.7000,503.1000,504.5500,549076,INOXLEISUR
2022-08-26 00:00:00+05:30,506.0000,515.9500,504.3500,510.6500,381061,INOXLEISUR
2022-08-29 00:00:00+05:30,504.6000,507.5000,490.0000,496.8500,718199,INOXLEISUR
2022-08-30 00:00:00+05:30,494.8000,506.6000,494.8000,505.3500,374287,INOXLEISUR
2022-09-01 00:00:00+05:30,503.0000,509.5000,501.8000,507.2500,394278,INOXLEISUR
2022-09-02 00:00:00+05:30,506.2500,511.0000,502.4500,505.3000,1031132,INOXLEISUR
2022-09-05 00:00:00+05:30,503.1000,528.6500,503.1000,523.6500,1076201,INOXLEISUR
2022-09-06 00:00:00+05:30,528.9500,530.0000,516.0500,518.1000,586224,INOXLEISUR
2022-09-07 00:00:00+05:30,517.9000,519.9000,510.5000,514.4000,636241,INOXLEISUR
2022-09-08 00:00:00+05:30,516.0000,521.0000,514.8500,520.2000,359455,INOXLEISUR
2022-09-09 00:00:00+05:30,523.5500,527.3000,487.7500,493.9500,1584720,INOXLEISUR
2022-09-12 00:00:00+05:30,517.0000,521.3500,510.5000,514.2000,1420462,INOXLEISUR
2022-09-13 00:00:00+05:30,514.1000,524.5000,511.0000,516.3000,660514,INOXLEISUR
2022-09-14 00:00:00+05:30,515.0000,550.0000,515.0000,536.8500,2992194,INOXLEISUR
2022-09-15 00:00:00+05:30,536.8500,537.7000,518.5500,522.4000,808084,INOXLEISUR
2022-09-16 00:00:00+05:30,518.9000,519.0000,491.3000,495.1500,2229843,INOXLEISUR
2022-09-19 00:00:00+05:30,496.0000,503.7000,488.8500,495.4000,327122,INOXLEISUR
2022-09-20 00:00:00+05:30,498.0000,504.0000,485.0000,490.5000,606361,INOXLEISUR
2022-09-21 00:00:00+05:30,494.5000,499.4500,475.9500,490.5500,670384,INOXLEISUR
2022-09-22 00:00:00+05:30,488.2000,509.4500,486.1500,506.6000,302699,INOXLEISUR
2022-09-23 00:00:00+05:30,507.5000,510.2500,492.0000,495.4000,183588,INOXLEISUR
2022-09-26 00:00:00+05:30,495.4000,495.4000,477.2000,488.4000,375516,INOXLEISUR
2022-09-27 00:00:00+05:30,488.4500,496.9500,484.0000,486.4500,314443,INOXLEISUR
2022-09-28 00:00:00+05:30,484.8000,499.2500,482.7500,496.4000,301052,INOXLEISUR
2022-09-29 00:00:00+05:30,496.4000,520.0500,496.4000,501.0500,757301,INOXLEISUR
2022-09-30 00:00:00+05:30,514.0000,514.0000,498.0000,511.2500,682954,INOXLEISUR
2022-10-03 00:00:00+05:30,510.0000,518.8000,504.0000,508.7000,454353,INOXLEISUR
2022-10-04 00:00:00+05:30,510.0000,511.4000,497.5000,502.3500,339442,INOXLEISUR
2022-10-06 00:00:00+05:30,507.9000,516.8500,506.0500,514.0500,358338,INOXLEISUR
2022-10-07 00:00:00+05:30,510.5000,516.0000,505.7500,515.3000,291416,INOXLEISUR
2022-10-10 00:00:00+05:30,507.6500,513.4000,503.3500,507.9000,122282,INOXLEISUR
2022-10-11 00:00:00+05:30,507.9000,515.8500,503.0000,504.9000,111642,INOXLEISUR
2022-10-12 00:00:00+05:30,507.4500,509.9000,496.0000,503.6500,214344,INOXLEISUR
2022-10-13 00:00:00+05:30,503.0000,514.8000,494.7000,500.8500,191312,INOXLEISUR
2022-10-14 00:00:00+05:30,503.5000,509.6000,494.0000,499.9000,85767,INOXLEISUR
2022-10-17 00:00:00+05:30,494.2500,506.0000,494.2500,500.4500,228226,INOXLEISUR
2022-10-18 00:00:00+05:30,501.0000,510.0000,488.6000,507.7000,217949,INOXLEISUR
2022-10-19 00:00:00+05:30,511.4500,519.0500,508.4000,515.4000,281989,INOXLEISUR
2022-10-20 00:00:00+05:30,508.2500,516.0000,506.2000,513.0500,425331,INOXLEISUR
2022-10-21 00:00:00+05:30,512.0000,514.9500,502.0500,508.1000,270437,INOXLEISUR
2022-10-24 00:00:00+05:30,512.0000,514.0000,504.6000,507.6500,15809,INOXLEISUR
2022-10-25 00:00:00+05:30,510.2000,511.8500,502.8500,504.9000,167362,INOXLEISUR
2022-10-27 00:00:00+05:30,505.8000,515.9500,501.0000,512.3000,289186,INOXLEISUR
2022-10-28 00:00:00+05:30,514.9000,516.6000,506.2500,512.3000,190405,INOXLEISUR
2022-10-31 00:00:00+05:30,511.7500,521.0500,510.0500,512.9500,326036,INOXLEISUR
2022-11-01 00:00:00+05:30,515.0000,515.0000,503.0000,507.0500,425489,INOXLEISUR
2022-11-02 00:00:00+05:30,509.5000,518.8500,505.0000,507.7000,292399,INOXLEISUR
2022-11-03 00:00:00+05:30,505.2000,517.2000,505.0000,511.4000,129867,INOXLEISUR
2022-11-04 00:00:00+05:30,513.0000,528.2000,511.3000,527.1000,909852,INOXLEISUR
2022-11-07 00:00:00+05:30,528.9000,532.9500,521.4500,526.7000,453206,INOXLEISUR
2022-11-09 00:00:00+05:30,528.9000,528.9000,519.5000,523.5000,342469,INOXLEISUR
2022-11-10 00:00:00+05:30,522.9500,524.4000,518.7500,521.5500,236686,INOXLEISUR
2022-11-11 00:00:00+05:30,522.9000,528.7500,516.3000,524.1500,343095,INOXLEISUR
2022-11-14 00:00:00+05:30,525.5000,525.5000,517.0000,521.9500,187478,INOXLEISUR
2022-11-15 00:00:00+05:30,520.3000,532.0000,520.3000,523.2500,211883,INOXLEISUR
2022-11-16 00:00:00+05:30,522.9500,527.0000,506.5500,512.4500,472116,INOXLEISUR
2022-11-17 00:00:00+05:30,510.0000,524.9500,508.3000,511.7500,291922,INOXLEISUR
2022-11-18 00:00:00+05:30,513.1000,518.7500,501.0000,503.4000,153595,INOXLEISUR
2022-11-21 00:00:00+05:30,504.9500,517.0000,502.9000,515.2000,329914,INOXLEISUR
2022-11-22 00:00:00+05:30,511.2000,518.0000,510.0000,516.7000,115099,INOXLEISUR
2022-11-23 00:00:00+05:30,519.0000,524.9000,515.5000,520.4500,202944,INOXLEISUR
2022-11-24 00:00:00+05:30,523.1000,532.0000,521.7500,528.9000,305620,INOXLEISUR
2022-11-25 00:00:00+05:30,529.7500,545.6000,529.7500,540.5500,882806,INOXLEISUR
2022-11-28 00:00:00+05:30,545.0000,545.0000,538.4000,541.2000,265533,INOXLEISUR
2022-11-29 00:00:00+05:30,545.0000,549.5500,538.3000,540.7500,245784,INOXLEISUR
2022-11-30 00:00:00+05:30,541.6000,544.1500,535.8000,539.5000,172861,INOXLEISUR
2022-12-01 00:00:00+05:30,539.5000,558.4500,536.6000,556.5500,783446,INOXLEISUR
2022-12-02 00:00:00+05:30,559.0000,559.8500,549.6500,555.0000,314547,INOXLEISUR
2022-12-05 00:00:00+05:30,555.0000,566.3000,552.5500,562.5000,283768,INOXLEISUR
2022-12-06 00:00:00+05:30,565.3500,566.2000,557.5000,563.5500,378396,INOXLEISUR
2022-12-07 00:00:00+05:30,560.1000,567.2000,549.1500,552.0000,125553,INOXLEISUR
2022-12-08 00:00:00+05:30,552.5500,560.0000,545.3000,556.6000,111183,INOXLEISUR
2022-12-09 00:00:00+05:30,557.0000,560.0000,547.0000,551.8000,242750,INOXLEISUR
2022-12-12 00:00:00+05:30,548.1000,559.0000,548.1000,557.9000,169708,INOXLEISUR
2022-12-13 00:00:00+05:30,557.9000,561.2500,552.6000,555.4000,86374,INOXLEISUR
2022-12-14 00:00:00+05:30,558.2000,559.3500,552.0500,554.6000,262556,INOXLEISUR
2022-12-15 00:00:00+05:30,553.0000,554.5000,530.4000,535.4500,308429,INOXLEISUR
2022-12-16 00:00:00+05:30,535.0000,541.7500,531.4500,534.2500,317880,INOXLEISUR
2022-12-19 00:00:00+05:30,541.0500,543.3000,529.2000,537.1500,222974,INOXLEISUR
2022-12-20 00:00:00+05:30,536.1000,539.8000,524.3000,527.3000,330041,INOXLEISUR
2022-12-21 00:00:00+05:30,527.3000,532.7000,504.5000,507.6500,551229,INOXLEISUR
2022-12-22 00:00:00+05:30,510.0000,513.9500,497.8000,502.0000,522631,INOXLEISUR
2022-12-23 00:00:00+05:30,494.0000,500.0000,466.1000,469.9500,382644,INOXLEISUR
2022-12-26 00:00:00+05:30,465.6000,487.5000,465.6000,485.3500,192397,INOXLEISUR
2022-12-27 00:00:00+05:30,489.9500,500.0500,486.8000,495.4000,496271,INOXLEISUR
2022-12-28 00:00:00+05:30,497.6000,498.7500,492.0000,493.4500,173563,INOXLEISUR
2022-12-29 00:00:00+05:30,492.0000,494.8000,481.3500,493.3500,280662,INOXLEISUR
2022-12-30 00:00:00+05:30,495.8500,501.2500,491.4000,499.6000,422708,INOXLEISUR
2023-01-02 00:00:00+05:30,491.1500,506.0500,491.1500,502.7000,238488,INOXLEISUR
2023-01-03 00:00:00+05:30,505.2500,506.7500,495.9500,497.9000,227116,INOXLEISUR
2023-01-04 00:00:00+05:30,505.1000,597.4500,490.0000,493.0000,486183,INOXLEISUR
2023-01-05 00:00:00+05:30,496.2000,496.4500,483.6000,487.0000,360631,INOXLEISUR
2023-01-06 00:00:00+05:30,487.0000,488.6000,473.0500,476.9000,266075,INOXLEISUR
2023-01-09 00:00:00+05:30,476.9500,494.0000,476.9500,489.3500,334125,INOXLEISUR
2023-01-10 00:00:00+05:30,489.4500,497.8000,489.4000,492.5000,403263,INOXLEISUR
2023-01-11 00:00:00+05:30,492.7000,504.9000,491.5000,502.3000,221952,INOXLEISUR
2023-01-12 00:00:00+05:30,502.4500,523.7500,498.3500,518.8500,1056626,INOXLEISUR
2023-01-13 00:00:00+05:30,520.7000,521.4000,502.3500,516.4000,264157,INOXLEISUR
2023-01-16 00:00:00+05:30,518.2000,518.2000,489.6500,495.1000,492914,INOXLEISUR
2023-01-17 00:00:00+05:30,493.9500,498.7000,487.2500,489.5500,361833,INOXLEISUR
2023-01-18 00:00:00+05:30,489.1000,495.5500,489.0000,492.1500,106331,INOXLEISUR
2023-01-19 00:00:00+05:30,492.0000,496.3500,485.4500,495.0000,122443,INOXLEISUR
2023-01-20 00:00:00+05:30,500.5000,503.9000,473.2500,484.0000,846004,INOXLEISUR
2023-01-23 00:00:00+05:30,487.9500,489.7000,479.0000,482.6000,106954,INOXLEISUR
2023-01-24 00:00:00+05:30,482.0000,495.5000,480.0000,493.8500,184031,INOXLEISUR
2023-01-25 00:00:00+05:30,491.2000,496.4000,486.3500,493.4000,164465,INOXLEISUR
2023-01-27 00:00:00+05:30,490.1000,505.5000,490.1000,503.1500,513995,INOXLEISUR
2023-01-30 00:00:00+05:30,502.0000,504.9500,484.5000,501.7500,335521,INOXLEISUR
2023-01-31 00:00:00+05:30,498.5000,511.0000,492.6500,502.1500,464621,INOXLEISUR
2023-02-01 00:00:00+05:30,501.7500,512.3000,485.4500,489.1500,384725,INOXLEISUR
2023-02-02 00:00:00+05:30,489.0000,500.4000,487.8500,494.2500,116911,INOXLEISUR
2023-02-03 00:00:00+05:30,496.7000,507.2000,493.7000,498.8000,108500,INOXLEISUR
2023-02-06 00:00:00+05:30,491.0000,504.8500,491.0000,496.8000,153340,INOXLEISUR
2023-02-07 00:00:00+05:30,498.2000,503.1500,495.5500,498.8000,113001,INOXLEISUR
2023-02-08 00:00:00+05:30,501.3000,504.9000,495.3500,499.7000,58153,INOXLEISUR
2023-02-09 00:00:00+05:30,499.9500,501.9500,491.0500,498.5000,56026,INOXLEISUR
2023-02-10 00:00:00+05:30,495.0000,506.6500,495.0000,503.6000,69222,INOXLEISUR
2023-02-13 00:00:00+05:30,504.2500,506.1500,497.2000,500.6000,120181,INOXLEISUR
2023-02-14 00:00:00+05:30,500.0000,505.0000,492.0000,503.0000,76682,INOXLEISUR
2023-02-15 00:00:00+05:30,500.5000,514.4000,497.8000,505.7500,194563,INOXLEISUR
2023-02-16 00:00:00+05:30,508.0000,510.8500,504.2000,508.8500,526706,INOXLEISUR
2023-02-17 00:00:00+05:30,508.8500,508.8500,508.8500,508.8500,0,INOXLEISUR
2023-02-20 00:00:00+05:30,508.8500,508.8500,508.8500,508.8500,0,INOXLEISUR
2023-02-21 00:00:00+05:30,508.8500,508.8500,508.8500,508.8500,0,INOXLEISUR
2023-02-22 00:00:00+05:30,508.8500,508.8500,508.8500,508.8500,0,INOXLEISUR
2023-02-23 00:00:00+05:30,508.8500,508.8500,508.8500,508.8500,0,INOXLEISUR
2023-02-24 00:00:00+05:30,508.8500,508.8500,508.8500,508.8500,0,INOXLEISUR
2023-02-27 00:00:00+05:30,508.8500,508.8500,508.8500,508.8500,0,INOXLEISUR
2023-02-28 00:00:00+05:30,508.8500,508.8500,508.8500,508.8500,0,INOXLEISUR
2023-03-01 00:00:00+05:30,508.8500,508.8500,508.8500,508.8500,0,INOXLEISUR
2023-03-02 00:00:00+05:30,508.8500,508.8500,508.8500,508.8500,0,INOXLEISUR
2023-03-03 00:00:00+05:30,508.8500,508.8500,508.8500,508.8500,0,INOXLEISUR
2023-03-06 00:00:00+05:30,508.8500,508.8500,508.8500,508.8500,0,INOXLEISUR
2023-03-08 00:00:00+05:30,508.8500,508.8500,508.8500,508.8500,0,INOXLEISUR
2023-03-09 00:00:00+05:30,508.8500,508.8500,508.8500,508.8500,0,INOXLEISUR
2023-03-10 00:00:00+05:30,508.8500,508.8500,508.8500,508.8500,0,INOXLEISUR
2023-03-13 00:00:00+05:30,508.8500,508.8500,508.8500,508.8500,0,INOXLEISUR
2023-03-14 00:00:00+05:30,508.8500,508.8500,508.8500,508.8500,0,INOXLEISUR
2023-03-15 00:00:00+05:30,508.8500,508.8500,508.8500,508.8500,0,INOXLEISUR
2023-03-16 00:00:00+05:30,508.8500,508.8500,508.8500,508.8500,0,INOXLEISUR
2023-03-17 00:00:00+05:30,508.8500,508.8500,508.8500,508.8500,0,INOXLEISUR
2023-03-20 00:00:00+05:30,508.8500,508.8500,508.8500,508.8500,0,INOXLEISUR
2023-03-21 00:00:00+05:30,508.8500,508.8500,508.8500,508.8500,0,INOXLEISUR
2023-03-22 00:00:00+05:30,508.8500,508.8500,508.8500,508.8500,0,INOXLEISUR
2023-03-23 00:00:00+05:30,508.8500,508.8500,508.8500,508.8500,0,INOXLEISUR
2023-03-24 00:00:00+05:30,508.8500,508.8500,508.8500,508.8500,0,INOXLEISUR
2023-03-27 00:00:00+05:30,508.8500,508.8500,508.8500,508.8500,0,INOXLEISUR
2023-03-28 00:00:00+05:30,508.8500,508.8500,508.8500,508.8500,0,INOXLEISUR
